city,month,date,actual_mean_temp,actual_min_temp,actual_max_temp,average_min_temp,average_max_temp,record_min_temp,record_max_temp,record_min_temp_year,record_max_temp_year,actual_precipitation,average_precipitation,record_precipitation
Seattle,1,1/1/2015,34,26,42,36,46,10,58,1952,2006,0,0.18,1.37
Seattle,1,1/2/2015,37,32,42,36,46,6,56,1950,2003,0.06,0.18,1.77
Seattle,1,1/3/2015,38,35,41,36,46,6,58,1950,1984,0,0.19,1.01
Seattle,1,1/4/2015,45,38,51,36,46,14,61,1950,1984,0.4,0.19,1.56
Seattle,1,1/5/2015,52,49,54,36,46,15,55,1982,2006,0.32,0.18,1.33
Seattle,1,1/6/2015,49,43,54,37,46,14,57,1982,2003,0,0.19,1.22
Seattle,1,1/7/2015,44,42,46,37,46,19,59,1973,2002,0,0.19,2.29
Seattle,1,1/8/2015,41,35,46,37,46,18,54,1949,1953,0,0.2,1.13
Seattle,1,1/9/2015,44,38,50,37,46,13,56,1949,2003,0.01,0.19,2.83
Seattle,1,1/10/2015,45,43,46,37,47,12,59,1949,1981,0.23,0.2,0.94
Seattle,1,1/11/2015,47,45,49,37,47,12,59,1963,1987,0.06,0.19,1.26
Seattle,1,1/12/2015,46,40,52,37,47,13,59,1963,1986,0,0.19,1.3
Seattle,1,1/13/2015,43,37,49,37,47,11,56,1950,1986,0,0.18,1.63
Seattle,1,1/14/2015,38,33,43,37,47,8,59,1950,1968,0,0.19,1.61
Seattle,1,1/15/2015,40,34,46,37,47,15,58,1950,1974,0.38,0.19,1.68
Seattle,1,1/16/2015,48,42,53,37,47,13,55,1950,2011,0,0.2,1.78
Seattle,1,1/17/2015,47,38,56,37,47,15,56,1950,2015,1.03,0.19,2.39
Seattle,1,1/18/2015,51,45,57,37,48,9,60,1950,2005,0.84,0.19,2.98
Seattle,1,1/19/2015,47,43,50,37,48,18,62,1954,2005,0.02,0.18,2.26
Seattle,1,1/20/2015,44,38,50,37,48,16,64,1954,1981,0,0.19,1.66
Seattle,1,1/21/2015,38,31,45,37,48,13,62,1962,1981,0,0.17,1.64
Seattle,1,1/22/2015,46,43,49,37,48,19,60,1962,1981,0.03,0.17,1.29
Seattle,1,1/23/2015,51,47,54,37,48,16,56,1949,2001,0.23,0.17,1.36
Seattle,1,1/24/2015,55,52,58,37,48,10,58,1950,1995,0.02,0.16,1.36
Seattle,1,1/25/2015,54,45,63,37,48,7,63,1950,2015,0,0.17,0.93
Seattle,1,1/26/2015,52,43,61,37,48,9,61,1957,2015,0,0.16,1.03
Seattle,1,1/27/2015,50,47,52,37,48,11,58,1957,1952,0.03,0.16,1.61
Seattle,1,1/28/2015,48,41,54,37,48,7,57,1950,1976,0,0.16,1.23
Seattle,1,1/29/2015,46,38,54,37,49,6,60,1950,1992,0,0.16,1.63
Seattle,1,1/30/2015,41,34,47,37,49,7,59,1950,1992,0,0.15,1
Seattle,1,1/31/2015,42,38,45,37,49,0,61,1950,1960,0,0.16,1.93
Seattle,2,2/1/2015,45,40,49,37,49,1,63,1950,1962,0.06,0.13,1.34
Seattle,2,2/2/2015,47,41,52,37,49,8,64,1950,1962,0.29,0.13,1.32
Seattle,2,2/3/2015,46,42,50,37,49,8,63,1950,1992,0.05,0.14,1.29
Seattle,2,2/4/2015,46,40,51,37,49,7,63,1989,1993,0.33,0.13,0.91
Seattle,2,2/5/2015,52,47,56,37,49,14,62,1989,1987,1.03,0.14,1.03
Seattle,2,2/6/2015,54,50,58,37,49,18,64,1989,1993,0.68,0.13,1.54
Seattle,2,2/7/2015,52,49,54,37,49,20,66,1989,1963,0.93,0.14,2.58
Seattle,2,2/8/2015,53,47,59,37,49,22,68,1994,1963,0.14,0.13,3.06
Seattle,2,2/9/2015,52,47,56,37,49,26,62,1989,1968,0.24,0.13,2.98
Seattle,2,2/10/2015,51,47,55,37,49,24,65,1982,1963,0.01,0.13,0.96
Seattle,2,2/11/2015,49,42,55,37,50,23,62,1948,1963,0,0.13,0.81
Seattle,2,2/12/2015,56,49,62,37,50,21,66,1949,1963,0.04,0.12,1.23
Seattle,2,2/13/2015,52,44,60,37,50,18,60,1949,2015,0,0.13,1.4
Seattle,2,2/14/2015,51,44,58,37,50,22,63,1995,1991,0.01,0.11,0.74
Seattle,2,2/15/2015,47,39,54,37,50,13,65,1956,1996,0,0.12,0.94
Seattle,2,2/16/2015,51,42,59,37,50,13,59,1956,2015,0,0.12,1.83
Seattle,2,2/17/2015,51,40,61,37,50,23,61,1990,2015,0,0.12,0.68
Seattle,2,2/18/2015,47,40,54,37,50,20,62,1990,1977,0,0.11,1.63
Seattle,2,2/19/2015,49,47,51,37,50,22,67,1986,1977,0.18,0.12,1.76
Seattle,2,2/20/2015,49,45,52,37,50,25,62,1955,1977,0.03,0.12,0.74
Seattle,2,2/21/2015,48,42,54,37,51,25,67,1957,1973,0,0.12,0.97
Seattle,2,2/22/2015,46,38,53,37,51,30,64,2005,1966,0,0.12,0.71
Seattle,2,2/23/2015,44,33,55,37,51,27,61,2011,1983,0,0.11,1.16
Seattle,2,2/24/2015,44,36,52,37,51,24,62,2011,1949,0,0.12,1.55
Seattle,2,2/25/2015,47,44,50,37,51,20,64,2011,1992,0.16,0.13,0.98
Seattle,2,2/26/2015,50,46,53,37,51,18,67,1962,1992,0.37,0.12,1.19
Seattle,2,2/27/2015,47,44,50,37,51,20,70,1962,1968,0.72,0.13,2.23
Seattle,2,2/28/2015,46,38,54,38,51,24,68,1971,1968,0,0.12,1.46
Seattle,3,3/1/2015,43,34,52,38,52,23,62,1971,1968,0,0.13,0.84
Seattle,3,3/2/2015,46,40,52,38,52,22,64,1989,1990,0,0.14,1.16
Seattle,3,3/3/2015,42,32,51,38,52,20,69,1989,1965,0,0.12,2.08
Seattle,3,3/4/2015,43,31,55,38,52,11,68,1955,1965,0,0.13,0.92
Seattle,3,3/5/2015,47,37,56,38,52,13,66,1955,1965,0,0.13,2.7
Seattle,3,3/6/2015,49,38,59,38,52,26,68,1951,2007,0,0.12,1.18
Seattle,3,3/7/2015,51,39,62,38,52,26,66,1951,2001,0,0.12,0.67
Seattle,3,3/8/2015,51,39,63,38,53,28,67,1951,2005,0,0.12,1.27
Seattle,3,3/9/2015,49,40,58,39,53,28,67,1951,1995,0,0.12,1.47
Seattle,3,3/10/2015,49,41,56,39,53,20,68,1956,1979,0.03,0.12,0.87
Seattle,3,3/11/2015,53,48,58,39,53,23,65,1956,2005,0.1,0.12,1.01
Seattle,3,3/12/2015,57,49,64,39,53,25,68,1956,1998,0,0.13,0.99
Seattle,3,3/13/2015,55,46,63,39,53,28,70,1967,1979,0.08,0.12,0.7
Seattle,3,3/14/2015,53,49,57,39,53,26,64,1953,1996,0.67,0.13,0.76
Seattle,3,3/15/2015,47,43,51,39,54,30,65,1955,2010,2.2,0.12,2.2
Seattle,3,3/16/2015,50,43,57,39,54,29,66,1952,2007,0.04,0.12,1.09
Seattle,3,3/17/2015,48,40,56,40,54,27,65,1951,1972,0.03,0.12,1.05
Seattle,3,3/18/2015,53,45,60,40,54,29,70,1954,1996,0,0.12,1.86
Seattle,3,3/19/2015,54,47,60,40,54,27,63,1965,1951,0,0.11,1.27
Seattle,3,3/20/2015,53,48,57,40,54,26,69,1955,1968,0.16,0.12,0.76
Seattle,3,3/21/2015,52,47,56,40,55,29,69,1952,1992,0.15,0.12,2.04
Seattle,3,3/22/2015,48,43,53,40,55,28,68,1952,1979,0.04,0.13,1.81
Seattle,3,3/23/2015,47,42,52,40,55,28,68,1954,1979,0.32,0.12,0.94
Seattle,3,3/24/2015,49,43,55,40,55,30,68,1965,2010,0.3,0.11,0.98
Seattle,3,3/25/2015,52,45,58,40,55,31,64,1954,1969,0.2,0.12,0.62
Seattle,3,3/26/2015,60,50,69,40,55,32,70,1975,1969,0,0.11,1.51
Seattle,3,3/27/2015,57,48,65,41,55,26,71,1975,1994,0.04,0.11,0.64
Seattle,3,3/28/2015,55,49,60,41,56,26,73,1954,1994,0,0.11,0.87
Seattle,3,3/29/2015,54,48,60,41,56,24,78,1954,2004,0,0.11,1.08
Seattle,3,3/30/2015,58,51,64,41,56,27,72,1954,1995,0.07,0.11,0.65
Seattle,3,3/31/2015,49,43,55,41,56,30,75,1949,1987,0.04,0.11,0.57
Seattle,4,4/1/2015,49,42,55,41,56,29,82,1953,1987,0.2,0.11,1.13
Seattle,4,4/2/2015,49,42,56,41,56,30,76,1963,1992,0,0.11,0.92
Seattle,4,4/3/2015,47,41,52,41,56,32,71,1948,2004,0.06,0.11,1.46
Seattle,4,4/4/2015,47,39,55,41,57,31,75,1948,1966,0,0.11,2.64
Seattle,4,4/5/2015,50,37,62,41,57,29,73,1975,1966,0,0.1,0.79
Seattle,4,4/6/2015,51,44,57,41,57,31,78,1956,2007,0.04,0.1,0.63
Seattle,4,4/7/2015,51,44,58,41,57,29,78,1952,1996,0.02,0.1,1.54
Seattle,4,4/8/2015,53,43,63,41,57,29,70,1952,2012,0,0.1,0.83
Seattle,4,4/9/2015,53,43,63,41,57,34,73,1982,1959,0,0.1,0.96
Seattle,4,4/10/2015,52,46,57,42,57,30,74,1953,2004,0.43,0.09,0.78
Seattle,4,4/11/2015,48,42,53,42,58,35,80,1991,2004,0,0.1,1.04
Seattle,4,4/12/2015,49,42,56,42,58,33,79,1968,2008,0,0.09,0.83
Seattle,4,4/13/2015,46,39,53,42,58,33,75,1968,1980,0.55,0.09,1.45
Seattle,4,4/14/2015,45,37,53,42,58,33,83,1955,1984,0.13,0.1,0.52
Seattle,4,4/15/2015,48,38,57,42,58,33,74,1967,1999,0,0.09,0.75
Seattle,4,4/16/2015,52,39,64,42,59,34,81,1960,1999,0,0.09,0.95
Seattle,4,4/17/2015,55,43,66,42,59,33,74,1964,1983,0,0.09,0.73
Seattle,4,4/18/2015,57,47,66,42,59,34,77,1950,1962,0,0.09,0.4
Seattle,4,4/19/2015,59,47,70,42,59,33,74,1961,1950,0,0.09,1.85
Seattle,4,4/20/2015,60,46,73,43,59,30,74,1961,2009,0,0.08,0.45
Seattle,4,4/21/2015,54,44,63,43,59,29,76,1951,1982,0.22,0.09,0.87
Seattle,4,4/22/2015,51,41,60,43,60,35,78,1950,1977,0,0.08,1.28
Seattle,4,4/23/2015,49,44,54,43,60,31,72,1954,1977,0.12,0.08,1.71
Seattle,4,4/24/2015,49,43,54,43,60,30,76,1950,1977,0.13,0.08,0.7
Seattle,4,4/25/2015,49,42,56,43,60,34,77,1948,1992,0.05,0.07,0.52
Seattle,4,4/26/2015,50,40,60,44,61,32,78,1948,1987,0,0.08,0.37
Seattle,4,4/27/2015,64,51,77,44,61,31,81,1948,1987,0.01,0.08,0.7
Seattle,4,4/28/2015,54,48,60,44,61,31,76,1955,1968,0.07,0.07,0.44
Seattle,4,4/29/2015,53,45,61,44,61,31,80,1952,1976,0,0.07,1.06
Seattle,4,4/30/2015,55,46,63,44,61,32,85,1954,1976,0,0.07,0.87
Seattle,5,5/1/2015,57,48,65,44,62,28,85,1954,2014,0,0.07,0.81
Seattle,5,5/2/2015,56,46,65,45,62,33,74,1952,1966,0,0.06,0.47
Seattle,5,5/3/2015,58,46,69,45,62,35,77,1950,1992,0,0.07,1.31
Seattle,5,5/4/2015,54,45,63,45,62,33,85,1962,1992,0,0.06,0.66
Seattle,5,5/5/2015,52,45,58,45,63,36,86,1965,1953,0.24,0.07,0.59
Seattle,5,5/6/2015,54,45,62,45,63,36,87,1965,2013,0,0.07,0.89
Seattle,5,5/7/2015,56,43,69,46,63,33,81,1962,1987,0,0.06,0.66
Seattle,5,5/8/2015,61,47,75,46,63,36,84,1999,1969,0,0.06,0.54
Seattle,5,5/9/2015,65,49,80,46,63,38,81,1999,1976,0,0.06,0.74
Seattle,5,5/10/2015,60,52,67,46,64,38,80,1999,1993,0,0.07,0.61
Seattle,5,5/11/2015,54,50,57,46,64,35,87,1953,1971,0,0.06,0.47
Seattle,5,5/12/2015,56,51,60,47,64,38,81,1964,1959,0.17,0.06,0.71
Seattle,5,5/13/2015,52,50,54,47,64,37,84,1956,1973,0.16,0.06,0.44
Seattle,5,5/14/2015,57,49,64,47,65,36,87,1964,1973,0.01,0.06,0.97
Seattle,5,5/15/2015,59,49,68,47,65,38,85,1964,2007,0,0.06,0.81
Seattle,5,5/16/2015,56,52,60,47,65,40,84,2003,1985,0,0.06,0.64
Seattle,5,5/17/2015,59,51,67,48,65,39,90,1966,2008,0,0.06,0.72
Seattle,5,5/18/2015,66,54,78,48,65,37,89,1950,1958,0,0.06,0.72
Seattle,5,5/19/2015,62,53,71,48,65,38,88,1975,1963,0,0.06,0.7
Seattle,5,5/20/2015,63,51,74,48,66,40,92,1960,1963,0,0.06,0.56
Seattle,5,5/21/2015,66,53,78,48,66,39,93,1960,1963,0,0.06,0.55
Seattle,5,5/22/2015,58,53,62,49,66,37,86,1960,1969,0,0.06,0.67
Seattle,5,5/23/2015,57,53,61,49,66,37,90,1950,1969,0,0.06,0.7
Seattle,5,5/24/2015,58,52,64,49,66,37,89,1950,1992,0,0.06,0.65
Seattle,5,5/25/2015,56,52,60,49,66,37,84,1964,2001,0,0.06,0.41
Seattle,5,5/26/2015,62,53,71,49,67,40,89,1952,2005,0,0.07,0.61
Seattle,5,5/27/2015,65,53,76,49,67,37,89,1966,2005,0,0.06,0.83
Seattle,5,5/28/2015,68,54,82,50,67,38,92,1954,1983,0,0.07,0.88
Seattle,5,5/29/2015,67,55,79,50,67,35,85,1951,1973,0,0.06,1.83
Seattle,5,5/30/2015,62,50,73,50,67,36,87,1951,1956,0,0.07,1.06
Seattle,5,5/31/2015,65,53,77,50,67,35,90,1953,1964,0,0.06,0.97
Seattle,6,6/1/2015,57,53,61,50,67,40,94,1951,1970,0.18,0.07,1.75
Seattle,6,6/2/2015,60,55,64,50,68,40,94,1951,1970,0.02,0.06,0.48
Seattle,6,6/3/2015,61,53,68,50,68,42,89,1962,2009,0,0.06,1.08
Seattle,6,6/4/2015,63,53,73,50,68,41,91,1962,2009,0,0.07,0.83
Seattle,6,6/5/2015,68,55,80,51,68,41,92,1953,1978,0,0.06,0.63
Seattle,6,6/6/2015,71,56,85,51,68,42,90,1962,2003,0,0.06,1.54
Seattle,6,6/7/2015,74,60,88,51,68,44,90,2002,2003,0,0.06,0.81
Seattle,6,6/8/2015,73,58,87,51,69,42,87,2002,1948,0,0.07,0.81
Seattle,6,6/9/2015,71,58,84,51,69,44,96,1971,1955,0,0.06,0.72
Seattle,6,6/10/2015,65,52,78,51,69,44,83,2008,1982,0,0.06,0.88
Seattle,6,6/11/2015,64,52,76,51,69,40,84,1952,1989,0,0.06,1.16
Seattle,6,6/12/2015,61,53,68,51,69,38,85,1952,1999,0,0.06,0.6
Seattle,6,6/13/2015,62,49,75,52,69,42,94,1952,2002,0,0.05,0.37
Seattle,6,6/14/2015,68,53,82,52,70,43,86,1955,1988,0,0.06,0.39
Seattle,6,6/15/2015,74,61,86,52,70,43,88,1949,1963,0,0.05,0.37
Seattle,6,6/16/2015,63,52,73,52,70,42,88,1954,1961,0,0.06,0.52
Seattle,6,6/17/2015,65,52,77,52,70,43,91,1954,1969,0,0.05,0.51
Seattle,6,6/18/2015,67,57,76,52,70,43,94,1954,1982,0,0.05,0.41
Seattle,6,6/19/2015,66,56,75,52,70,43,92,1951,1982,0.02,0.05,0.33
Seattle,6,6/20/2015,66,55,77,53,71,43,88,1960,2004,0,0.05,1.14
Seattle,6,6/21/2015,68,57,78,53,71,45,89,1960,1992,0,0.05,1
Seattle,6,6/22/2015,66,55,77,53,71,45,92,1952,1992,0,0.04,0.62
Seattle,6,6/23/2015,66,53,79,53,71,40,92,1952,1992,0,0.04,0.58
Seattle,6,6/24/2015,70,61,78,53,72,45,92,1952,1992,0,0.05,1
Seattle,6,6/25/2015,74,60,87,53,72,45,88,1949,2006,0,0.04,0.39
Seattle,6,6/26/2015,77,64,89,53,72,46,90,1949,2006,0,0.03,0.32
Seattle,6,6/27/2015,78,63,92,53,72,45,92,1949,2015,0,0.04,0.61
Seattle,6,6/28/2015,74,65,83,54,72,45,91,1949,1995,0.01,0.04,0.79
Seattle,6,6/29/2015,74,63,84,54,73,45,93,1949,1987,0,0.03,0.64
Seattle,6,6/30/2015,73,59,87,54,73,43,96,1949,1995,0,0.04,0.84
Charlotte,1,1/1/2015,40,26,53,30,50,10,74,1928,1985,0,0.11,1.54
Charlotte,1,1/2/2015,47,42,52,30,50,6,78,1928,1952,0.12,0.1,2.1
Charlotte,1,1/3/2015,50,47,52,30,50,8,74,1887,2004,0.25,0.11,1.93
Charlotte,1,1/4/2015,56,47,65,30,50,8,75,1887,1950,0.26,0.11,1.32
Charlotte,1,1/5/2015,45,36,54,30,50,10,72,1920,1950,0,0.12,1.77
Charlotte,1,1/6/2015,41,24,57,30,50,5,73,1884,1950,0,0.11,3.45
Charlotte,1,1/7/2015,29,16,41,29,50,6,77,2014,1890,0,0.12,1.76
Charlotte,1,1/8/2015,18,8,28,29,50,8,74,1970,1946,0,0.11,1.47
Charlotte,1,1/9/2015,34,22,45,29,50,4,72,1970,2008,0,0.11,1.91
Charlotte,1,1/10/2015,30,19,41,29,50,4,76,1970,1949,0,0.12,2.35
Charlotte,1,1/11/2015,31,15,46,29,50,0,78,1886,1949,0.08,0.12,1.78
Charlotte,1,1/12/2015,41,37,45,29,50,-1,75,1886,1890,0.98,0.11,2.22
Charlotte,1,1/13/2015,41,35,47,29,50,3,75,1895,1960,0.04,0.12,1.68
Charlotte,1,1/14/2015,35,30,40,29,50,7,77,1912,1907,0,0.11,1.45
Charlotte,1,1/15/2015,34,26,42,29,50,12,77,1994,1907,0,0.11,0.96
Charlotte,1,1/16/2015,43,30,56,29,50,5,74,1893,1974,0,0.11,1.69
Charlotte,1,1/17/2015,41,24,57,29,51,5,75,1977,1943,0,0.11,2.38
Charlotte,1,1/18/2015,49,37,61,29,51,10,71,2003,1937,0.02,0.11,2.51
Charlotte,1,1/19/2015,49,33,64,30,51,6,69,1994,1929,0,0.11,2.28
Charlotte,1,1/20/2015,53,39,67,30,51,-2,71,1985,1951,0,0.11,1.98
Charlotte,1,1/21/2015,50,36,64,30,51,-5,73,1985,1935,0,0.11,2.28
Charlotte,1,1/22/2015,41,25,57,30,51,5,74,1970,1937,0,0.11,1.79
Charlotte,1,1/23/2015,41,36,45,30,51,9,75,2003,1927,0.88,0.11,1.48
Charlotte,1,1/24/2015,43,33,53,30,51,7,74,1963,1967,0.16,0.1,1.79
Charlotte,1,1/25/2015,43,28,57,30,51,11,76,1963,1950,0,0.11,2.27
Charlotte,1,1/26/2015,45,37,53,30,51,8,75,1940,1950,0.01,0.1,1.43
Charlotte,1,1/27/2015,39,29,48,30,52,6,75,1940,1890,0,0.1,1.51
Charlotte,1,1/28/2015,36,23,49,30,52,5,79,1986,1944,0,0.11,1.27
Charlotte,1,1/29/2015,38,25,50,30,52,8,79,1897,2002,0,0.1,1.21
Charlotte,1,1/30/2015,38,26,49,30,52,4,78,1966,2002,0,0.11,1.13
Charlotte,1,1/31/2015,35,19,51,30,52,4,77,1966,1975,0,0.11,1.75
Charlotte,2,2/1/2015,47,36,57,31,52,10,76,1900,1950,0.01,0.11,1.78
Charlotte,2,2/2/2015,42,26,57,31,52,10,80,1917,1989,0.39,0.11,2.3
Charlotte,2,2/3/2015,34,22,46,31,53,8,81,1917,1989,0,0.12,1.25
Charlotte,2,2/4/2015,41,28,53,31,53,11,76,1886,1927,0,0.11,1.93
Charlotte,2,2/5/2015,40,27,52,31,53,6,78,1886,1890,0,0.11,2
Charlotte,2,2/6/2015,32,18,45,31,53,13,79,1977,1927,0,0.1,2.91
Charlotte,2,2/7/2015,47,28,65,31,53,10,74,1895,1999,0,0.11,1.65
Charlotte,2,2/8/2015,59,47,70,31,54,1,74,1895,2009,0,0.1,1.12
Charlotte,2,2/9/2015,56,51,61,32,54,6,77,1895,1994,0.87,0.11,1.81
Charlotte,2,2/10/2015,45,37,53,32,54,8,76,1934,1938,0.13,0.1,2.22
Charlotte,2,2/11/2015,42,28,55,32,54,12,75,1885,1965,0,0.11,1.19
Charlotte,2,2/12/2015,42,26,57,32,54,11,73,1899,1999,0,0.11,1.65
Charlotte,2,2/13/2015,31,21,40,32,55,2,74,1899,1951,0,0.12,1.88
Charlotte,2,2/14/2015,40,23,56,33,55,-5,77,1899,1949,0,0.11,1.53
Charlotte,2,2/15/2015,25,14,36,33,55,12,80,1943,1989,0,0.13,1.65
Charlotte,2,2/16/2015,29,24,33,33,55,11,76,1905,1976,0.51,0.12,2.28
Charlotte,2,2/17/2015,29,23,34,33,55,7,79,1958,1927,0.15,0.13,1.47
Charlotte,2,2/18/2015,32,21,42,33,56,5,78,1958,1891,0,0.12,1.89
Charlotte,2,2/19/2015,19,12,26,34,56,8,76,1958,1939,0,0.13,2.08
Charlotte,2,2/20/2015,19,7,31,34,56,7,77,2015,2014,0,0.13,1.82
Charlotte,2,2/21/2015,34,25,42,34,56,6,75,1896,2011,0,0.13,1.44
Charlotte,2,2/22/2015,47,36,57,34,57,12,74,1963,1990,0.18,0.13,1.53
Charlotte,2,2/23/2015,44,35,52,34,57,19,76,1963,1962,0.02,0.13,1.72
Charlotte,2,2/24/2015,32,28,35,35,57,16,80,1967,1982,0.07,0.13,1.9
Charlotte,2,2/25/2015,36,29,42,35,57,7,82,1967,1930,0.48,0.13,1.78
Charlotte,2,2/26/2015,37,31,42,35,58,7,81,1967,1977,0.21,0.12,1.82
Charlotte,2,2/27/2015,38,26,50,35,58,7,82,1963,2011,0,0.13,1.7
Charlotte,2,2/28/2015,37,29,44,36,58,14,78,2002,2011,0,0.13,2.09
Charlotte,3,3/1/2015,36,31,40,36,59,15,82,1980,1918,0.16,0.13,2.18
Charlotte,3,3/2/2015,55,39,70,36,59,14,80,1980,1887,0,0.14,1.59
Charlotte,3,3/3/2015,46,40,51,36,59,4,84,1980,1976,0.06,0.12,3.04
Charlotte,3,3/4/2015,56,42,69,36,59,15,82,1943,1976,0,0.13,1.7
Charlotte,3,3/5/2015,52,36,68,37,60,12,84,1960,1955,0.54,0.14,1.65
Charlotte,3,3/6/2015,35,25,44,37,60,10,78,1960,1956,0,0.13,2.46
Charlotte,3,3/7/2015,42,23,61,37,60,14,85,1899,1974,0,0.14,1.38
Charlotte,3,3/8/2015,52,32,71,37,61,16,84,1920,1974,0,0.14,1.87
Charlotte,3,3/9/2015,58,51,65,38,61,16,83,1996,1974,0.01,0.14,1.78
Charlotte,3,3/10/2015,66,53,78,38,61,17,82,1932,1974,0,0.13,1.35
Charlotte,3,3/11/2015,71,58,83,38,62,22,83,1969,1990,0.15,0.14,1.04
Charlotte,3,3/12/2015,61,51,70,38,62,19,86,1969,1990,0,0.14,2.17
Charlotte,3,3/13/2015,50,42,58,39,62,18,86,1960,1990,0.19,0.13,2.31
Charlotte,3,3/14/2015,53,41,64,39,62,16,83,1926,2012,0.35,0.14,1.81
Charlotte,3,3/15/2015,63,49,76,39,63,16,86,1993,1967,0,0.14,4.24
Charlotte,3,3/16/2015,62,43,81,39,63,18,83,1970,1945,0,0.13,1.84
Charlotte,3,3/17/2015,63,41,84,40,63,23,90,1900,1945,0,0.13,2
Charlotte,3,3/18/2015,54,47,61,40,64,21,85,1967,2011,0,0.13,1.52
Charlotte,3,3/19/2015,49,42,55,40,64,21,86,1902,1945,0.21,0.13,2.65
Charlotte,3,3/20/2015,50,42,58,40,64,23,85,1923,1948,0,0.12,2.11
Charlotte,3,3/21/2015,56,40,71,41,65,18,87,1965,1935,0,0.12,1.79
Charlotte,3,3/22/2015,62,54,70,41,65,24,89,1965,1907,0.01,0.12,0.88
Charlotte,3,3/23/2015,58,51,65,41,65,20,91,1888,1907,0,0.11,2
Charlotte,3,3/24/2015,59,45,72,41,66,24,88,1940,1929,0,0.12,1.62
Charlotte,3,3/25/2015,62,54,69,42,66,22,90,1940,1929,0.01,0.12,1.89
Charlotte,3,3/26/2015,65,56,74,42,66,22,86,1972,1929,0,0.13,2.86
Charlotte,3,3/27/2015,54,43,65,42,67,19,85,1955,1950,0.24,0.12,1.22
Charlotte,3,3/28/2015,43,34,51,42,67,25,90,1982,1907,0,0.13,1.95
Charlotte,3,3/29/2015,42,29,55,42,67,26,89,2013,1907,0,0.12,2.2
Charlotte,3,3/30/2015,55,39,70,43,67,24,86,1964,1998,0.26,0.13,2.36
Charlotte,3,3/31/2015,56,35,77,43,68,21,86,1964,1986,0,0.12,2.21
Charlotte,4,4/1/2015,61,49,73,43,68,24,86,1923,1986,0,0.11,1.26
Charlotte,4,4/2/2015,66,58,73,43,68,28,86,1881,1978,0.04,0.12,2.99
Charlotte,4,4/3/2015,70,58,82,44,69,28,90,1972,1946,0,0.1,1.18
Charlotte,4,4/4/2015,58,45,71,44,69,29,87,1936,1999,0,0.11,1.58
Charlotte,4,4/5/2015,52,36,67,44,69,26,88,1891,1942,0,0.1,1.86
Charlotte,4,4/6/2015,64,51,77,44,70,28,90,1944,1929,0,0.1,3.84
Charlotte,4,4/7/2015,65,57,72,45,70,25,89,2007,1929,0.51,0.11,1.74
Charlotte,4,4/8/2015,73,63,82,45,70,21,88,2007,1929,0.26,0.1,1.33
Charlotte,4,4/9/2015,77,65,88,45,70,25,89,1972,1893,0.02,0.1,2.07
Charlotte,4,4/10/2015,75,67,82,45,71,28,90,1985,2001,0,0.11,1.98
Charlotte,4,4/11/2015,67,56,78,46,71,28,88,1961,1930,0,0.1,3.2
Charlotte,4,4/12/2015,62,50,74,46,71,29,92,1973,1930,0,0.09,1.77
Charlotte,4,4/13/2015,66,59,73,46,71,28,90,1940,1930,0.11,0.1,1.75
Charlotte,4,4/14/2015,73,65,80,46,72,27,89,1950,1941,0.16,0.09,1.65
Charlotte,4,4/15/2015,58,50,65,47,72,28,89,1907,1936,1.26,0.09,1.73
Charlotte,4,4/16/2015,51,47,54,47,72,29,89,1962,1896,0.4,0.1,1.6
Charlotte,4,4/17/2015,62,54,69,47,72,30,94,1949,1896,0.03,0.1,1.51
Charlotte,4,4/18/2015,70,60,79,48,73,32,93,2001,1896,0.04,0.1,1.7
Charlotte,4,4/19/2015,67,64,69,48,73,30,89,1983,1955,2.65,0.1,2.65
Charlotte,4,4/20/2015,67,60,74,48,73,28,91,1983,1896,0.47,0.11,1.47
Charlotte,4,4/21/2015,58,45,71,48,73,30,90,1983,1963,0,0.1,2.39
Charlotte,4,4/22/2015,60,43,77,49,74,33,91,1978,1957,0,0.11,2.28
Charlotte,4,4/23/2015,62,49,74,49,74,35,91,1986,1960,0,0.11,1.58
Charlotte,4,4/24/2015,54,38,70,49,74,36,96,1893,1925,0,0.1,2.33
Charlotte,4,4/25/2015,56,51,61,49,74,31,93,2005,1925,0.19,0.1,1.78
Charlotte,4,4/26/2015,53,48,58,50,75,34,92,1910,1915,0,0.1,2.34
Charlotte,4,4/27/2015,55,39,71,50,75,37,90,1972,1981,0,0.1,1.35
Charlotte,4,4/28/2015,54,38,69,50,75,36,90,1967,1943,0,0.1,2.23
Charlotte,4,4/29/2015,55,45,64,51,75,33,91,1973,1888,0,0.09,2.19
Charlotte,4,4/30/2015,63,49,76,51,75,37,91,2008,1962,0,0.09,2.34
Charlotte,5,5/1/2015,57,47,67,51,76,37,92,1963,1962,0,0.09,1.84
Charlotte,5,5/2/2015,61,45,76,52,76,32,91,1963,1959,0,0.1,1.36
Charlotte,5,5/3/2015,63,46,80,52,76,39,94,1981,1902,0,0.1,3.67
Charlotte,5,5/4/2015,69,55,83,52,76,34,92,1971,1959,0,0.1,1.62
Charlotte,5,5/5/2015,69,56,82,52,76,36,91,1940,1955,0,0.1,2.4
Charlotte,5,5/6/2015,69,53,84,53,77,39,93,1891,1950,0,0.09,1.6
Charlotte,5,5/7/2015,70,58,81,53,77,38,95,1891,1940,0,0.1,2.58
Charlotte,5,5/8/2015,71,57,85,53,77,35,96,1989,1940,0,0.1,2.41
Charlotte,5,5/9/2015,72,60,84,54,77,39,94,1984,1889,0,0.1,1.35
Charlotte,5,5/10/2015,74,65,82,54,78,38,94,1906,1889,0,0.1,0.86
Charlotte,5,5/11/2015,76,61,90,54,78,39,95,1977,1916,0,0.1,1.12
Charlotte,5,5/12/2015,77,66,88,55,78,39,94,1969,1889,0,0.1,1.92
Charlotte,5,5/13/2015,73,60,85,55,78,38,93,1960,1881,0,0.1,2.46
Charlotte,5,5/14/2015,67,58,75,55,78,41,95,1917,1956,0,0.1,1.34
Charlotte,5,5/15/2015,73,63,82,56,79,40,94,1888,1962,0,0.1,2.11
Charlotte,5,5/16/2015,75,62,87,56,79,42,94,1978,1941,0,0.1,1.79
Charlotte,5,5/17/2015,75,63,86,56,79,43,93,1973,1896,0,0.09,1.09
Charlotte,5,5/18/2015,78,67,89,56,79,34,94,1973,1960,0,0.1,4.85
Charlotte,5,5/19/2015,77,65,89,57,80,40,95,2009,1962,0,0.1,2.4
Charlotte,5,5/20/2015,76,61,91,57,80,40,95,2002,1964,0,0.1,3.81
Charlotte,5,5/21/2015,75,64,86,57,80,41,97,1894,1941,0,0.1,2.41
Charlotte,5,5/22/2015,64,52,76,58,80,42,98,2002,1941,0,0.1,3.5
Charlotte,5,5/23/2015,65,47,82,58,81,37,98,2002,1941,0,0.1,3.16
Charlotte,5,5/24/2015,68,54,82,58,81,43,95,1931,1939,0,0.11,1.03
Charlotte,5,5/25/2015,73,59,86,59,81,41,95,2013,1953,0,0.11,2.24
Charlotte,5,5/26/2015,78,67,88,59,81,45,96,1979,1995,0.32,0.11,3.03
Charlotte,5,5/27/2015,75,65,84,59,82,41,96,1961,1916,0,0.11,1.55
Charlotte,5,5/28/2015,78,67,88,60,82,42,97,1961,1941,0,0.12,2.7
Charlotte,5,5/29/2015,78,67,88,60,82,48,98,1894,1941,0,0.12,1.18
Charlotte,5,5/30/2015,76,65,87,60,82,47,95,1894,1918,0,0.11,2.52
Charlotte,5,5/31/2015,78,67,89,61,83,42,97,1984,1953,0,0.12,1.77
Charlotte,6,6/1/2015,77,66,88,61,83,45,98,1889,1918,0,0.13,2.87
Charlotte,6,6/2/2015,73,64,81,61,83,46,99,1966,1951,0.76,0.13,2.28
Charlotte,6,6/3/2015,67,64,69,61,83,51,100,1966,1895,0.02,0.13,3.78
Charlotte,6,6/4/2015,69,61,77,62,84,50,98,1988,1911,0,0.13,2.12
Charlotte,6,6/5/2015,72,59,84,62,84,50,102,1954,1943,0,0.13,2.45
Charlotte,6,6/6/2015,76,62,90,62,84,48,98,1976,1943,0,0.13,2.76
Charlotte,6,6/7/2015,78,70,86,63,84,45,97,2000,1899,0.17,0.14,2.22
Charlotte,6,6/8/2015,79,69,88,63,85,47,99,1977,1899,0.01,0.13,1.98
Charlotte,6,6/9/2015,79,67,90,63,85,50,99,1912,2008,0,0.13,3.26
Charlotte,6,6/10/2015,79,69,89,63,85,46,99,1977,1947,0,0.12,2.18
Charlotte,6,6/11/2015,79,68,90,64,85,47,100,1913,1914,0,0.14,2.85
Charlotte,6,6/12/2015,81,71,90,64,85,45,98,1972,1956,0,0.13,2.73
Charlotte,6,6/13/2015,83,72,94,64,86,49,97,1903,1958,0,0.13,3.77
Charlotte,6,6/14/2015,83,68,97,64,86,53,99,1903,1958,0,0.13,3.16
Charlotte,6,6/15/2015,84,68,99,65,86,51,99,1933,2015,0,0.14,1.16
Charlotte,6,6/16/2015,84,69,99,65,86,52,99,1961,2015,0,0.13,3.32
Charlotte,6,6/17/2015,86,73,99,65,87,53,100,1917,1943,0,0.12,2.76
Charlotte,6,6/18/2015,87,74,100,65,87,52,100,1961,2015,0,0.13,1.86
Charlotte,6,6/19/2015,84,72,96,66,87,54,102,1965,1944,0,0.13,1.5
Charlotte,6,6/20/2015,83,71,95,66,87,54,102,1879,1887,0.01,0.12,1.67
Charlotte,6,6/21/2015,84,71,97,66,87,54,99,2003,1964,0,0.13,1.98
Charlotte,6,6/22/2015,83,65,100,66,87,53,100,2003,2015,0,0.12,1.31
Charlotte,6,6/23/2015,87,73,100,66,88,53,100,1947,2015,0,0.11,1.82
Charlotte,6,6/24/2015,88,75,100,66,88,55,102,1972,1930,0,0.12,1.25
Charlotte,6,6/25/2015,86,74,98,67,88,53,102,1889,1914,0,0.11,2.76
Charlotte,6,6/26/2015,85,70,100,67,88,55,102,1979,1952,1.21,0.11,1.98
Charlotte,6,6/27/2015,82,71,92,67,88,56,103,2012,1954,0.55,0.11,1.86
Charlotte,6,6/28/2015,76,66,85,67,88,53,101,1968,1959,0,0.11,1.83
Charlotte,6,6/29/2015,73,59,87,67,88,54,104,1974,2012,0,0.11,2.39
Charlotte,6,6/30/2015,83,71,94,67,89,54,104,1962,2012,0,0.11,2.75
Philadelphia,1,1/1/2015,35,28,42,27,41,4,64,1881,2005,0,0.09,1.6
Philadelphia,1,1/2/2015,37,29,44,26,41,7,67,1968,1876,0,0.1,1.68
Philadelphia,1,1/3/2015,36,28,44,26,41,-3,63,1879,2000,0.72,0.09,1.5
Philadelphia,1,1/4/2015,50,42,58,26,41,2,68,1918,1950,0.37,0.1,1.51
Philadelphia,1,1/5/2015,37,24,50,26,40,-2,66,1904,1997,0,0.1,2.24
Philadelphia,1,1/6/2015,20,16,24,26,40,4,73,1896,2007,0.12,0.09,2
Philadelphia,1,1/7/2015,19,13,24,26,40,4,65,2014,1950,0,0.1,2.49
Philadelphia,1,1/8/2015,15,9,21,26,40,2,69,1970,1998,0,0.09,1.2
Philadelphia,1,1/9/2015,29,21,36,26,40,1,69,1970,1930,0.01,0.1,1.54
Philadelphia,1,1/10/2015,21,16,25,26,40,-5,63,1875,1950,0,0.1,1.28
Philadelphia,1,1/11/2015,28,15,40,26,40,1,66,1982,1975,0,0.1,1.29
Philadelphia,1,1/12/2015,36,33,38,25,40,1,72,1981,1890,0.59,0.1,2.19
Philadelphia,1,1/13/2015,30,21,38,25,40,0,70,1981,1932,0,0.1,1.46
Philadelphia,1,1/14/2015,26,20,32,25,40,0,73,1914,1932,0,0.1,2.27
Philadelphia,1,1/15/2015,33,29,36,25,40,2,71,1964,1932,0,0.1,1.23
Philadelphia,1,1/16/2015,34,25,43,25,40,0,62,1977,2007,0,0.1,1.09
Philadelphia,1,1/17/2015,26,18,33,25,40,-7,63,1982,1913,0,0.1,1.66
Philadelphia,1,1/18/2015,34,24,43,25,40,-4,64,1982,1990,1.84,0.1,1.84
Philadelphia,1,1/19/2015,38,30,45,25,40,-5,65,1994,1951,0,0.09,1.4
Philadelphia,1,1/20/2015,38,29,46,25,40,-3,65,1984,1951,0,0.1,1.89
Philadelphia,1,1/21/2015,31,27,34,25,40,-6,62,1985,1959,0.06,0.1,1.32
Philadelphia,1,1/22/2015,36,30,41,25,40,-7,70,1984,1906,0.03,0.09,1.03
Philadelphia,1,1/23/2015,34,25,42,25,40,-2,71,1936,1906,0.16,0.1,2.32
Philadelphia,1,1/24/2015,36,33,39,25,40,0,69,1882,1950,0.55,0.1,1.61
Philadelphia,1,1/25/2015,40,33,46,25,40,-2,66,1963,1967,0,0.1,1.83
Philadelphia,1,1/26/2015,31,27,34,26,40,4,74,1961,1950,0,0.09,1.57
Philadelphia,1,1/27/2015,28,21,34,26,41,4,69,1927,1916,0.07,0.1,1.64
Philadelphia,1,1/28/2015,28,20,35,26,41,3,67,1961,1916,0,0.09,1.63
Philadelphia,1,1/29/2015,28,21,34,26,41,-5,72,1963,2002,0,0.11,1.23
Philadelphia,1,1/30/2015,31,20,42,26,41,8,70,1948,1947,0,0.1,1.79
Philadelphia,1,1/31/2015,22,14,29,26,41,3,65,1948,1947,0,0.1,1.3
Philadelphia,2,2/1/2015,30,21,39,26,41,2,70,1920,2002,0.06,0.1,2.92
Philadelphia,2,2/2/2015,32,23,41,26,41,-4,61,1961,1988,0.93,0.1,1.49
Philadelphia,2,2/3/2015,25,20,30,26,41,4,62,1881,1991,0,0.09,1.64
Philadelphia,2,2/4/2015,35,23,47,26,42,2,69,1886,1991,0,0.1,1.34
Philadelphia,2,2/5/2015,29,17,41,26,42,-2,69,1918,1991,0,0.1,1.62
Philadelphia,2,2/6/2015,23,14,32,26,42,-3,68,1895,2008,0,0.1,3.86
Philadelphia,2,2/7/2015,33,21,44,27,42,5,67,1910,2008,0,0.09,1.35
Philadelphia,2,2/8/2015,42,33,51,27,42,-2,63,1934,1925,0,0.09,1.15
Philadelphia,2,2/9/2015,33,28,37,27,42,-11,64,1934,1990,0.03,0.1,1.17
Philadelphia,2,2/10/2015,35,28,42,27,43,-6,65,1899,1925,0,0.09,1.1
Philadelphia,2,2/11/2015,33,26,39,27,43,-6,69,1899,2009,0,0.09,1.85
Philadelphia,2,2/12/2015,31,20,41,27,43,2,70,1979,1999,0,0.09,1.35
Philadelphia,2,2/13/2015,17,10,24,27,43,3,66,1983,1951,0,0.09,2.04
Philadelphia,2,2/14/2015,25,18,32,28,44,2,67,1979,1990,0.04,0.09,1.26
Philadelphia,2,2/15/2015,15,9,21,28,44,3,74,1943,1949,0,0.1,1.09
Philadelphia,2,2/16/2015,10,3,17,28,44,2,73,1888,1954,0.02,0.09,1.84
Philadelphia,2,2/17/2015,21,13,28,28,44,-2,68,1896,1976,0.24,0.09,1.1
Philadelphia,2,2/18/2015,22,11,32,28,44,0,69,1979,1991,0,0.1,1.35
Philadelphia,2,2/19/2015,16,8,23,28,45,3,68,1903,1948,0,0.09,1.65
Philadelphia,2,2/20/2015,10,2,18,29,45,1,70,1979,1939,0,0.09,2.4
Philadelphia,2,2/21/2015,22,9,34,29,45,6,72,1968,1930,0.76,0.09,1.44
Philadelphia,2,2/22/2015,40,33,47,29,46,7,68,1963,1974,0.28,0.1,1.88
Philadelphia,2,2/23/2015,25,13,37,29,46,6,75,1963,1874,0,0.1,1.65
Philadelphia,2,2/24/2015,16,7,25,29,46,2,74,1889,1985,0,0.09,1.84
Philadelphia,2,2/25/2015,27,15,38,30,46,4,79,1894,1930,0,0.1,0.9
Philadelphia,2,2/26/2015,29,26,32,30,47,10,69,1970,1890,0,0.1,2.16
Philadelphia,2,2/27/2015,27,22,31,30,47,6,74,1900,1997,0,0.09,1.55
Philadelphia,2,2/28/2015,24,16,32,30,47,9,68,1934,1976,0,0.1,1.4
Philadelphia,3,3/1/2015,27,21,32,30,48,9,76,1980,1972,0.52,0.1,1.46
Philadelphia,3,3/2/2015,35,29,40,31,48,8,77,1886,1972,0,0.11,1.22
Philadelphia,3,3/3/2015,30,25,34,31,48,10,73,1886,1991,0.61,0.1,2.2
Philadelphia,3,3/4/2015,38,33,43,31,49,7,74,1943,1974,0.49,0.11,1.61
Philadelphia,3,3/5/2015,30,20,40,31,49,5,79,1872,1976,0.78,0.1,1.4
Philadelphia,3,3/6/2015,19,11,26,32,49,10,71,1978,1935,0,0.11,2.06
Philadelphia,3,3/7/2015,26,11,41,32,50,9,74,1960,1974,0,0.12,1.71
Philadelphia,3,3/8/2015,38,26,50,32,50,12,80,1986,2000,0,0.12,1.51
Philadelphia,3,3/9/2015,45,32,57,32,50,12,73,1960,2000,0,0.11,0.94
Philadelphia,3,3/10/2015,46,32,59,33,51,7,76,1984,2006,0.71,0.12,1.43
Philadelphia,3,3/11/2015,53,44,61,33,51,12,72,1960,1977,0,0.11,1.69
Philadelphia,3,3/12/2015,45,37,52,33,51,12,83,1900,1990,0,0.11,2.64
Philadelphia,3,3/13/2015,40,30,49,33,52,8,84,1888,1990,0.08,0.12,2.57
Philadelphia,3,3/14/2015,45,38,51,34,52,12,85,1888,1990,0.95,0.12,1.56
Philadelphia,3,3/15/2015,44,40,48,34,52,11,81,1993,1990,0,0.13,2.79
Philadelphia,3,3/16/2015,44,33,55,34,53,16,82,1916,1945,0,0.13,1.72
Philadelphia,3,3/17/2015,53,37,68,35,53,10,86,1885,1945,0,0.13,1.04
Philadelphia,3,3/18/2015,39,32,45,35,53,10,78,1916,1989,0,0.13,1.13
Philadelphia,3,3/19/2015,37,28,46,35,54,9,78,1876,1918,0,0.13,2.27
Philadelphia,3,3/20/2015,35,32,37,35,54,8,83,1885,1945,0.7,0.13,1.76
Philadelphia,3,3/21/2015,42,31,53,36,54,6,85,1885,1948,0,0.14,2.24
Philadelphia,3,3/22/2015,41,34,48,36,55,11,80,1885,1948,0,0.13,1.9
Philadelphia,3,3/23/2015,35,27,43,36,55,14,80,1958,2012,0,0.12,1.36
Philadelphia,3,3/24/2015,36,31,40,37,56,15,76,1896,1988,0,0.14,1.24
Philadelphia,3,3/25/2015,38,28,47,37,56,16,82,1878,1910,0.05,0.13,2.72
Philadelphia,3,3/26/2015,53,39,67,37,56,21,80,1960,1921,0.34,0.13,1.62
Philadelphia,3,3/27/2015,44,39,48,38,57,21,83,1894,1921,0.2,0.14,1.78
Philadelphia,3,3/28/2015,34,27,41,38,57,18,83,1923,1945,0,0.13,1.98
Philadelphia,3,3/29/2015,36,26,46,38,57,14,87,1923,1945,0,0.13,1.72
Philadelphia,3,3/30/2015,46,34,57,39,58,18,86,1887,1998,0.03,0.13,1.59
Philadelphia,3,3/31/2015,48,37,59,39,58,21,81,1923,1998,0.06,0.13,1.57
Philadelphia,4,4/1/2015,45,34,56,39,59,14,81,1923,1978,0,0.13,1.48
Philadelphia,4,4/2/2015,52,37,67,40,59,25,84,1964,1967,0,0.14,2.76
Philadelphia,4,4/3/2015,60,57,63,40,59,27,87,1894,1963,0.12,0.13,2.28
Philadelphia,4,4/4/2015,53,42,63,40,60,25,80,1943,1892,0,0.13,1.26
Philadelphia,4,4/5/2015,53,42,64,41,60,22,81,1981,1942,0,0.13,1.23
Philadelphia,4,4/6/2015,57,39,75,41,60,24,87,1982,1942,0,0.12,1.76
Philadelphia,4,4/7/2015,57,44,69,41,61,19,90,1982,1929,0.24,0.12,1.16
Philadelphia,4,4/8/2015,42,39,44,42,61,23,90,1982,1929,0.03,0.12,2.67
Philadelphia,4,4/9/2015,41,39,43,42,62,26,84,1977,1959,0.02,0.12,2.07
Philadelphia,4,4/10/2015,49,41,57,42,62,22,89,1985,2013,0.07,0.13,1.78
Philadelphia,4,4/11/2015,55,47,63,43,62,28,84,1966,1887,0,0.12,1.03
Philadelphia,4,4/12/2015,53,38,67,43,63,18,92,1874,1977,0,0.12,1.83
Philadelphia,4,4/13/2015,60,44,75,43,63,26,89,1940,1977,0,0.12,1.88
Philadelphia,4,4/14/2015,58,52,63,44,63,24,91,1950,1941,0.12,0.12,2.28
Philadelphia,4,4/15/2015,59,48,70,44,64,27,88,1943,1941,0,0.12,4.19
Philadelphia,4,4/16/2015,61,50,71,44,64,27,90,1943,2002,0,0.11,3.11
Philadelphia,4,4/17/2015,65,55,74,45,65,27,95,1962,2002,0.15,0.12,1.16
Philadelphia,4,4/18/2015,68,54,81,45,65,25,94,1875,1976,0,0.11,2.16
Philadelphia,4,4/19/2015,58,49,67,45,65,20,91,1875,1896,0,0.11,1.44
Philadelphia,4,4/20/2015,63,50,76,46,66,27,92,1897,1941,2.01,0.12,2.01
Philadelphia,4,4/21/2015,59,51,66,46,66,27,89,1875,1976,0.82,0.11,2.11
Philadelphia,4,4/22/2015,60,47,73,46,66,30,90,1875,1985,0,0.11,1.87
Philadelphia,4,4/23/2015,48,43,52,47,67,33,91,1982,1960,0,0.12,1.55
Philadelphia,4,4/24/2015,48,39,57,47,67,33,86,1930,1960,0,0.11,1.8
Philadelphia,4,4/25/2015,48,37,58,47,67,33,92,1956,1960,0,0.11,2.11
Philadelphia,4,4/26/2015,55,45,64,48,68,35,93,1967,2009,0,0.11,2.42
Philadelphia,4,4/27/2015,54,48,60,48,68,36,93,1967,1915,0,0.12,1.59
Philadelphia,4,4/28/2015,61,51,71,48,68,34,90,1946,1990,0,0.11,2.19
Philadelphia,4,4/29/2015,64,51,77,49,69,29,90,1874,1974,0,0.12,0.85
Philadelphia,4,4/30/2015,61,50,72,49,69,34,91,1874,1888,0,0.1,4.42
Philadelphia,5,5/1/2015,57,49,64,49,69,34,90,1978,1942,0,0.1,1.77
Philadelphia,5,5/2/2015,61,47,74,50,70,35,89,1960,2010,0,0.11,2.49
Philadelphia,5,5/3/2015,65,49,81,50,70,35,90,1966,2001,0,0.11,1.36
Philadelphia,5,5/4/2015,70,54,85,50,70,35,91,1957,2001,0,0.11,1.88
Philadelphia,5,5/5/2015,74,62,85,51,71,33,90,1966,1928,0,0.11,1.8
Philadelphia,5,5/6/2015,67,57,77,51,71,36,90,1891,1986,0,0.12,2
Philadelphia,5,5/7/2015,69,57,81,51,71,35,94,1970,1930,0,0.11,2.69
Philadelphia,5,5/8/2015,69,55,83,51,71,37,93,1947,1936,0,0.12,1.42
Philadelphia,5,5/9/2015,70,60,80,52,72,33,93,1947,1936,0.03,0.11,1.57
Philadelphia,5,5/10/2015,76,67,84,52,72,33,93,1966,1896,0,0.12,1.35
Philadelphia,5,5/11/2015,77,69,84,52,72,28,93,1966,1896,0,0.12,1.82
Philadelphia,5,5/12/2015,77,66,88,53,73,37,91,1962,1881,0,0.11,1.58
Philadelphia,5,5/13/2015,63,54,72,53,73,37,92,1967,1881,0,0.12,1.4
Philadelphia,5,5/14/2015,61,50,72,53,73,40,92,1996,1956,0,0.12,1.48
Philadelphia,5,5/15/2015,65,54,76,54,74,39,93,1966,1900,0,0.12,1.4
Philadelphia,5,5/16/2015,73,59,86,54,74,40,90,1959,1951,0.33,0.13,2.03
Philadelphia,5,5/17/2015,76,68,84,54,74,37,92,1956,1974,0.01,0.12,1.33
Philadelphia,5,5/18/2015,74,61,87,55,74,41,94,1973,1962,0.03,0.12,1.47
Philadelphia,5,5/19/2015,72,61,83,55,75,41,96,1882,1962,0.01,0.12,2.36
Philadelphia,5,5/20/2015,67,58,75,55,75,43,94,2002,1962,0,0.13,1.64
Philadelphia,5,5/21/2015,55,51,58,56,75,41,95,2002,1934,0.18,0.13,2.94
Philadelphia,5,5/22/2015,65,53,77,56,76,43,96,1895,1941,0,0.13,1.67
Philadelphia,5,5/23/2015,61,51,71,56,76,41,96,1961,1925,0,0.13,1.77
Philadelphia,5,5/24/2015,67,52,82,57,76,40,90,1963,1964,0,0.12,2.49
Philadelphia,5,5/25/2015,75,63,87,57,77,40,96,1963,1991,0,0.12,1.77
Philadelphia,5,5/26/2015,77,65,89,57,77,43,96,1961,1880,0,0.13,1.7
Philadelphia,5,5/27/2015,80,71,89,58,77,42,95,1961,1991,0.6,0.12,3.16
Philadelphia,5,5/28/2015,80,70,89,58,77,41,94,1961,1941,0,0.12,2.28
Philadelphia,5,5/29/2015,77,66,87,58,78,42,95,1884,1991,0,0.12,2.25
Philadelphia,5,5/30/2015,78,68,87,59,78,41,97,1961,1991,0,0.13,1.74
Philadelphia,5,5/31/2015,81,70,92,59,78,42,97,1965,1991,0,0.13,1.65
Philadelphia,6,6/1/2015,67,58,76,59,79,44,97,1967,1895,1.96,0.12,1.96
Philadelphia,6,6/2/2015,56,53,58,60,79,46,98,1907,1925,0.3,0.12,2.96
Philadelphia,6,6/3/2015,63,55,70,60,79,48,97,1986,1919,0.01,0.12,1.6
Philadelphia,6,6/4/2015,64,57,70,60,80,47,98,1977,1925,0,0.12,1.96
Philadelphia,6,6/5/2015,66,56,76,61,80,48,100,1990,1925,0.13,0.13,2.31
Philadelphia,6,6/6/2015,73,64,81,61,80,45,100,1945,1925,0.05,0.12,1.95
Philadelphia,6,6/7/2015,68,58,77,61,80,47,98,1958,1925,0,0.13,3.5
Philadelphia,6,6/8/2015,75,64,86,62,81,44,97,1977,2011,0.88,0.12,2
Philadelphia,6,6/9/2015,78,69,86,62,81,44,99,1957,2011,0.02,0.12,2.03
Philadelphia,6,6/10/2015,76,65,86,62,81,47,98,1988,2008,0,0.12,2.59
Philadelphia,6,6/11/2015,81,70,92,63,82,44,95,1972,1986,0,0.11,2.04
Philadelphia,6,6/12/2015,85,75,95,63,82,48,95,1979,1947,0,0.11,3.05
Philadelphia,6,6/13/2015,83,77,88,63,82,50,95,1979,1956,0,0.11,2.21
Philadelphia,6,6/14/2015,81,72,90,64,83,48,96,1965,1988,0.09,0.12,1.88
Philadelphia,6,6/15/2015,82,74,89,64,83,47,100,1884,1994,0,0.11,2.27
Philadelphia,6,6/16/2015,83,74,91,64,83,49,100,1963,1991,0,0.11,3.3
Philadelphia,6,6/17/2015,78,69,86,64,83,44,98,1964,1957,0,0.1,2.41
Philadelphia,6,6/18/2015,70,65,74,65,84,48,96,1950,1957,0.65,0.11,1.93
Philadelphia,6,6/19/2015,79,70,87,65,84,53,100,1946,1994,0.27,0.1,1.64
Philadelphia,6,6/20/2015,79,71,86,65,84,51,98,1956,1931,0.48,0.11,1.64
Philadelphia,6,6/21/2015,82,73,91,66,84,48,99,1968,1923,0.3,0.11,1.62
Philadelphia,6,6/22/2015,82,73,91,66,85,48,100,1963,1988,0,0.11,2.47
Philadelphia,6,6/23/2015,83,70,95,66,85,47,97,1963,1888,0.55,0.11,2.12
Philadelphia,6,6/24/2015,77,69,85,66,85,52,99,1947,1923,0,0.11,2.61
Philadelphia,6,6/25/2015,76,68,84,67,85,52,98,1979,1952,0.13,0.11,2.55
Philadelphia,6,6/26/2015,76,68,84,67,85,51,100,1960,1952,0,0.12,2.77
Philadelphia,6,6/27/2015,67,63,71,67,86,50,97,1965,1963,1.34,0.1,3.27
Philadelphia,6,6/28/2015,73,66,79,67,86,54,97,1961,1963,0.22,0.11,2.48
Philadelphia,6,6/29/2015,72,63,81,68,86,52,102,1888,1934,0,0.12,4.62
Philadelphia,6,6/30/2015,77,67,86,68,86,52,100,1988,1964,1.5,0.12,1.56
Phoenix,1,1/1/2015,41,35,46,44,66,24,81,1919,1981,0,0.03,0.22
Phoenix,1,1/2/2015,43,31,54,45,66,23,81,1919,1981,0,0.03,0.99
Phoenix,1,1/3/2015,44,34,54,45,66,25,79,1950,1956,0,0.03,0.82
Phoenix,1,1/4/2015,50,35,65,45,66,23,83,1950,1927,0,0.03,0.65
Phoenix,1,1/5/2015,57,40,74,45,66,23,80,1950,1927,0,0.03,0.31
Phoenix,1,1/6/2015,62,44,79,45,66,17,81,1913,2006,0,0.03,0.76
Phoenix,1,1/7/2015,64,47,81,45,66,16,81,1913,2015,0,0.03,0.67
Phoenix,1,1/8/2015,63,54,71,45,66,19,81,1913,2002,0,0.03,1.22
Phoenix,1,1/9/2015,63,51,75,45,66,24,84,1964,1923,0,0.03,1.18
Phoenix,1,1/10/2015,60,54,65,45,67,25,84,1964,1990,0,0.03,1.51
Phoenix,1,1/11/2015,63,54,72,45,67,20,83,1964,1953,0.01,0.03,1.74
Phoenix,1,1/12/2015,62,56,67,45,67,22,80,1962,1996,0.02,0.03,1.04
Phoenix,1,1/13/2015,57,51,63,45,67,20,79,1963,1904,0.11,0.03,0.81
Phoenix,1,1/14/2015,57,46,67,45,67,22,81,1963,2000,0,0.04,0.77
Phoenix,1,1/15/2015,60,47,72,46,67,23,81,1964,2000,0,0.03,0.69
Phoenix,1,1/16/2015,62,49,74,46,67,22,83,1964,1976,0,0.03,1.05
Phoenix,1,1/17/2015,60,47,73,46,67,26,83,1964,1976,0,0.03,1.07
Phoenix,1,1/18/2015,62,48,75,46,68,27,80,1915,1971,0,0.03,0.51
Phoenix,1,1/19/2015,63,50,75,46,68,27,88,1915,1971,0,0.03,0.87
Phoenix,1,1/20/2015,62,48,75,46,68,22,84,1963,1950,0,0.03,0.77
Phoenix,1,1/21/2015,64,53,74,46,68,24,81,1922,2014,0,0.02,1.33
Phoenix,1,1/22/2015,57,48,65,46,68,21,81,1937,2013,0,0.03,0.35
Phoenix,1,1/23/2015,54,43,64,46,68,24,81,1937,2013,0,0.03,0.25
Phoenix,1,1/24/2015,64,50,77,46,68,24,80,1937,1951,0,0.02,0.51
Phoenix,1,1/25/2015,63,48,78,46,68,23,83,1898,1951,0,0.03,0.71
Phoenix,1,1/26/2015,62,53,71,46,68,26,81,1950,1987,0.01,0.03,1.18
Phoenix,1,1/27/2015,64,53,74,47,68,26,82,1950,2003,0,0.03,0.87
Phoenix,1,1/28/2015,64,52,75,47,69,30,83,1937,1971,0,0.02,0.57
Phoenix,1,1/29/2015,65,58,71,47,69,27,83,1948,1935,0.24,0.03,1.45
Phoenix,1,1/30/2015,58,55,60,47,69,28,82,1970,1935,0.35,0.03,1.19
Phoenix,1,1/31/2015,57,53,60,47,69,27,86,1949,2003,0.07,0.03,0.59
Phoenix,2,2/1/2015,60,50,69,47,69,28,83,1985,2003,0,0.03,1.13
Phoenix,2,2/2/2015,61,48,73,47,69,29,82,1922,1925,0,0.03,0.35
Phoenix,2,2/3/2015,63,50,76,47,69,28,86,1922,1925,0,0.03,1.06
Phoenix,2,2/4/2015,65,52,77,47,69,27,85,1955,1963,0,0.02,0.89
Phoenix,2,2/5/2015,67,52,82,47,69,28,87,1964,1963,0,0.03,0.82
Phoenix,2,2/6/2015,69,54,84,48,69,28,87,1955,1963,0,0.03,0.92
Phoenix,2,2/7/2015,67,53,81,48,70,24,89,1899,1963,0,0.03,0.74
Phoenix,2,2/8/2015,69,55,82,48,70,24,86,1933,1970,0,0.03,0.83
Phoenix,2,2/9/2015,69,55,83,48,70,28,84,1933,1987,0,0.03,0.88
Phoenix,2,2/10/2015,70,57,83,48,70,28,87,1939,1951,0,0.03,0.81
Phoenix,2,2/11/2015,68,54,81,48,70,26,83,1933,1951,0,0.03,0.77
Phoenix,2,2/12/2015,68,58,78,48,70,28,84,1965,1971,0,0.02,0.74
Phoenix,2,2/13/2015,68,55,80,48,70,27,88,1948,1957,0,0.03,1.42
Phoenix,2,2/14/2015,69,54,83,49,71,28,85,1966,1957,0,0.04,0.92
Phoenix,2,2/15/2015,71,63,79,49,71,26,86,1949,2014,0,0.03,0.79
Phoenix,2,2/16/2015,67,55,79,49,71,28,84,1964,1977,0,0.03,0.68
Phoenix,2,2/17/2015,66,55,77,49,71,26,88,1910,2014,0,0.04,0.57
Phoenix,2,2/18/2015,65,50,79,49,71,29,86,1964,1977,0,0.03,0.72
Phoenix,2,2/19/2015,66,52,80,49,71,29,88,1955,1977,0,0.04,0.93
Phoenix,2,2/20/2015,67,55,79,50,72,27,87,1955,1977,0,0.04,0.55
Phoenix,2,2/21/2015,67,54,79,50,72,29,86,1955,1982,0,0.04,0.73
Phoenix,2,2/22/2015,64,56,72,50,72,26,87,1955,1982,0,0.04,0.45
Phoenix,2,2/23/2015,65,59,70,50,72,29,89,1955,1989,0.01,0.03,0.94
Phoenix,2,2/24/2015,59,51,67,50,72,29,91,1964,1904,0,0.04,1.46
Phoenix,2,2/25/2015,60,47,72,50,72,29,92,1960,1921,0,0.04,0.81
Phoenix,2,2/26/2015,64,51,77,51,73,33,91,1919,1986,0,0.04,0.62
Phoenix,2,2/27/2015,64,50,78,51,73,28,92,1964,1986,0,0.03,0.57
Phoenix,2,2/28/2015,65,60,70,51,73,30,89,1962,1986,0,0.04,0.75
Phoenix,3,3/1/2015,69,61,77,51,73,31,89,1964,1986,0,0.04,0.94
Phoenix,3,3/2/2015,59,52,66,51,74,30,90,1971,1921,0.23,0.04,0.74
Phoenix,3,3/3/2015,56,47,65,51,74,28,91,1966,1921,0.07,0.04,1.98
Phoenix,3,3/4/2015,59,47,70,52,74,25,88,1966,1972,0,0.04,1.16
Phoenix,3,3/5/2015,61,46,75,52,74,31,93,1966,1972,0,0.03,0.97
Phoenix,3,3/6/2015,67,51,83,52,74,34,92,1967,1972,0,0.04,1.53
Phoenix,3,3/7/2015,69,55,83,52,75,34,91,1931,1972,0,0.04,0.71
Phoenix,3,3/8/2015,69,55,83,52,75,32,92,1969,1989,0,0.03,0.84
Phoenix,3,3/9/2015,70,56,84,52,75,29,94,1964,1972,0,0.04,0.98
Phoenix,3,3/10/2015,73,58,87,53,75,34,95,1964,1972,0,0.04,0.52
Phoenix,3,3/11/2015,73,59,87,53,76,33,94,1899,1900,0,0.03,1.4
Phoenix,3,3/12/2015,77,68,86,53,76,34,94,1909,1900,0,0.04,1.1
Phoenix,3,3/13/2015,74,60,88,53,76,32,92,1954,1972,0,0.04,0.51
Phoenix,3,3/14/2015,76,63,88,53,76,33,95,1969,2013,0,0.03,1.07
Phoenix,3,3/15/2015,76,63,89,53,77,31,92,1962,2007,0,0.04,0.79
Phoenix,3,3/16/2015,78,65,90,54,77,34,99,1917,2007,0,0.04,1.14
Phoenix,3,3/17/2015,78,64,91,54,77,31,99,1917,2007,0,0.03,0.54
Phoenix,3,3/18/2015,72,62,81,54,77,36,94,1954,2007,0.02,0.03,0.25
Phoenix,3,3/19/2015,65,60,70,54,78,34,92,1898,2004,0.01,0.04,0.54
Phoenix,3,3/20/2015,71,61,81,54,78,35,95,1898,2004,0,0.03,0.86
Phoenix,3,3/21/2015,73,60,85,54,78,35,97,1955,2004,0,0.02,0.27
Phoenix,3,3/22/2015,75,60,89,55,78,32,94,1897,1990,0,0.03,0.81
Phoenix,3,3/23/2015,75,61,88,55,79,31,93,1897,1990,0,0.03,0.52
Phoenix,3,3/24/2015,73,59,86,55,79,36,94,1949,1990,0,0.03,0.4
Phoenix,3,3/25/2015,75,62,88,55,79,34,93,1929,1990,0,0.02,0.64
Phoenix,3,3/26/2015,77,64,89,55,79,35,100,1913,1988,0,0.03,1.19
Phoenix,3,3/27/2015,79,63,95,55,80,33,98,1898,1986,0,0.02,0.65
Phoenix,3,3/28/2015,80,64,95,56,80,34,95,1898,1986,0,0.02,0.91
Phoenix,3,3/29/2015,81,65,97,56,80,36,97,1907,2015,0,0.02,0.42
Phoenix,3,3/30/2015,83,70,96,56,81,38,97,1898,2004,0,0.02,0.14
Phoenix,3,3/31/2015,82,68,95,56,81,32,95,1897,2015,0,0.02,0.27
Phoenix,4,4/1/2015,79,67,91,56,81,37,100,1904,2011,0,0.02,0.46
Phoenix,4,4/2/2015,76,64,87,57,81,37,98,1917,1943,0,0.01,0.68
Phoenix,4,4/3/2015,73,60,86,57,82,38,97,1906,1943,0,0.02,0.69
Phoenix,4,4/4/2015,76,62,89,57,82,39,98,1955,1961,0,0.02,0.43
Phoenix,4,4/5/2015,75,61,89,57,82,37,98,1921,1989,0,0.01,1.3
Phoenix,4,4/6/2015,74,61,86,57,82,38,102,1909,1989,0,0.02,0.56
Phoenix,4,4/7/2015,71,58,84,58,83,38,104,1922,1989,0,0.02,0.19
Phoenix,4,4/8/2015,70,61,78,58,83,39,104,1929,1989,0,0.01,0.99
Phoenix,4,4/9/2015,69,54,83,58,83,40,102,1953,1989,0,0.02,0.36
Phoenix,4,4/10/2015,72,57,87,58,84,35,100,1922,1989,0,0.01,0.83
Phoenix,4,4/11/2015,73,60,86,59,84,39,98,1979,1989,0,0.01,1.05
Phoenix,4,4/12/2015,76,65,86,59,84,40,99,1967,1936,0,0.01,0.27
Phoenix,4,4/13/2015,77,63,90,59,84,39,99,1927,1962,0,0.01,0.16
Phoenix,4,4/14/2015,81,67,94,60,85,40,103,1945,1925,0,0.01,0.38
Phoenix,4,4/15/2015,75,65,84,60,85,40,101,1970,1962,0,0,0.3
Phoenix,4,4/16/2015,66,56,75,60,85,40,101,1924,1984,0,0.01,0.67
Phoenix,4,4/17/2015,69,55,82,61,86,38,100,1924,1987,0,0.01,0.45
Phoenix,4,4/18/2015,75,59,90,61,86,38,100,1896,1962,0,0,0.21
Phoenix,4,4/19/2015,77,62,92,61,86,37,103,1968,1989,0,0.01,0.82
Phoenix,4,4/20/2015,79,65,93,61,87,38,105,1933,1989,0,0.01,0.41
Phoenix,4,4/21/2015,78,65,91,62,87,42,103,1967,1989,0,0,0.44
Phoenix,4,4/22/2015,77,65,89,62,87,39,105,1904,2012,0,0.01,0.9
Phoenix,4,4/23/2015,73,62,83,62,87,40,103,1923,2012,0,0,0.57
Phoenix,4,4/24/2015,70,62,78,63,88,41,99,1923,1987,0.02,0,0.17
Phoenix,4,4/25/2015,69,56,81,63,88,41,102,1964,1898,0.02,0.01,0.33
Phoenix,4,4/26/2015,65,54,75,63,88,42,101,1964,1992,0.14,0,0.2
Phoenix,4,4/27/2015,72,57,87,64,89,45,104,1963,1992,0,0.01,0.34
Phoenix,4,4/28/2015,81,68,93,64,89,45,104,1896,1992,0,0,0.65
Phoenix,4,4/29/2015,84,71,96,64,89,43,105,1970,1992,0,0.01,0.22
Phoenix,4,4/30/2015,85,70,99,65,90,39,102,1967,1943,0,0,0.17
Phoenix,5,5/1/2015,86,70,101,65,90,42,103,1915,1985,0,0,0.27
Phoenix,5,5/2/2015,85,72,98,65,90,40,107,1967,1947,0,0.01,0.47
Phoenix,5,5/3/2015,86,75,96,66,91,39,109,1899,1947,0,0,0.09
Phoenix,5,5/4/2015,75,65,85,66,91,45,106,1899,1947,0.24,0.01,0.91
Phoenix,5,5/5/2015,77,67,86,66,91,45,105,1964,1989,0,0,0.46
Phoenix,5,5/6/2015,80,69,90,67,92,44,105,1964,1947,0,0,0.12
Phoenix,5,5/7/2015,76,65,86,67,92,45,108,1896,1989,0,0.01,0.15
Phoenix,5,5/8/2015,68,61,75,67,92,40,110,1965,1989,0,0,0.12
Phoenix,5,5/9/2015,67,57,77,68,93,45,108,1950,1934,0,0,0.46
Phoenix,5,5/10/2015,75,61,89,68,93,46,111,1930,1934,0,0.01,0.78
Phoenix,5,5/11/2015,82,67,96,68,93,43,110,1905,1934,0,0,0.17
Phoenix,5,5/12/2015,81,70,91,68,94,48,109,1905,1996,0,0.01,0.22
Phoenix,5,5/13/2015,80,69,91,69,94,48,108,1962,1978,0,0,0.08
Phoenix,5,5/14/2015,79,70,87,69,94,50,107,1907,1927,0,0,0.21
Phoenix,5,5/15/2015,67,57,76,69,95,50,107,1968,1937,0.93,0.01,0.93
Phoenix,5,5/16/2015,66,57,75,70,95,49,106,1955,1997,0,0,0.08
Phoenix,5,5/17/2015,75,64,86,70,95,49,108,1943,1970,0,0.01,0.09
Phoenix,5,5/18/2015,78,65,90,70,95,44,107,1903,1970,0,0,0.06
Phoenix,5,5/19/2015,76,65,87,70,96,48,110,1903,2008,0,0,0.23
Phoenix,5,5/20/2015,80,67,93,71,96,49,108,1902,2008,0,0.01,0.73
Phoenix,5,5/21/2015,82,72,91,71,96,48,109,1902,2005,0,0,0.42
Phoenix,5,5/22/2015,74,66,82,71,97,48,109,1962,2000,0,0,0.28
Phoenix,5,5/23/2015,74,64,83,71,97,49,109,1965,2001,0,0.01,0.12
Phoenix,5,5/24/2015,76,66,85,72,97,52,109,1944,1983,0,0,0.34
Phoenix,5,5/25/2015,80,67,92,72,98,48,108,1965,2001,0,0,0.05
Phoenix,5,5/26/2015,84,71,96,72,98,48,112,1916,1951,0,0.01,0.14
Phoenix,5,5/27/2015,85,73,97,72,98,48,111,1917,1951,0,0,0.05
Phoenix,5,5/28/2015,85,71,98,73,99,53,113,1929,1983,0,0,0.27
Phoenix,5,5/29/2015,88,73,103,73,99,50,112,1918,1910,0,0,0.08
Phoenix,5,5/30/2015,90,74,105,73,99,51,114,1918,1910,0,0.01,0.01
Phoenix,5,5/31/2015,93,78,107,73,100,54,109,1918,2001,0,0,0.1
Phoenix,6,6/1/2015,92,78,105,74,100,50,111,1917,2012,0,0,0.02
Phoenix,6,6/2/2015,90,76,104,74,100,53,110,1917,1977,0,0,0.14
Phoenix,6,6/3/2015,88,74,102,74,101,51,112,1965,2006,0,0,0.41
Phoenix,6,6/4/2015,85,73,97,75,101,49,113,1908,1990,0,0,0.16
Phoenix,6,6/5/2015,81,72,90,75,101,55,112,1932,1990,0.16,0,0.16
Phoenix,6,6/6/2015,85,73,97,75,102,58,110,1967,2002,0.03,0,0.11
Phoenix,6,6/7/2015,86,71,100,75,102,56,115,1963,1985,0,0,0.06
Phoenix,6,6/8/2015,92,78,105,76,102,55,115,1950,1985,0,0,0.15
Phoenix,6,6/9/2015,89,83,95,76,103,54,114,1907,1985,0,0,0.07
Phoenix,6,6/10/2015,88,80,95,76,103,55,111,1965,1978,0,0,0.26
Phoenix,6,6/11/2015,91,82,100,76,103,55,114,1913,1918,0,0,0.02
Phoenix,6,6/12/2015,91,78,104,77,103,59,112,1913,1974,0,0,0.92
Phoenix,6,6/13/2015,93,80,105,77,104,59,114,1917,1936,0,0,0.04
Phoenix,6,6/14/2015,95,83,107,77,104,56,115,1922,1974,0,0,0.02
Phoenix,6,6/15/2015,99,86,112,78,104,54,115,1907,1974,0,0,0.08
Phoenix,6,6/16/2015,99,85,112,78,104,54,115,1907,1974,0,0,0.01
Phoenix,6,6/17/2015,100,86,114,78,105,54,114,1965,1896,0,0,0.19
Phoenix,6,6/18/2015,101,86,115,78,105,54,115,1921,1989,0,0.01,0.25
Phoenix,6,6/19/2015,100,85,114,79,105,61,115,1965,1968,0,0,0.19
Phoenix,6,6/20/2015,96,80,112,79,105,61,115,1964,1968,0,0,0.15
Phoenix,6,6/21/2015,99,88,109,79,105,57,115,1923,1968,0,0,0.27
Phoenix,6,6/22/2015,97,85,109,80,106,56,116,1965,1988,0,0,1.37
Phoenix,6,6/23/2015,99,87,111,80,106,61,116,1923,1974,0,0,0.84
Phoenix,6,6/24/2015,100,87,112,80,106,62,118,1945,1929,0,0,0.26
Phoenix,6,6/25/2015,100,90,110,80,106,60,120,1965,1990,0,0,0.34
Phoenix,6,6/26/2015,98,89,107,81,106,62,122,1963,1990,0,0,0.07
Phoenix,6,6/27/2015,99,90,108,81,106,55,118,1965,1990,0.01,0,0.04
Phoenix,6,6/28/2015,99,87,110,81,106,59,118,1965,1990,0,0.01,0.26
Phoenix,6,6/29/2015,98,86,110,81,107,59,119,1913,2013,0.05,0,0.09
Phoenix,6,6/30/2015,96,85,107,82,107,64,115,1913,1950,0,0,0.21
New York,1,1/1/2015,33,27,39,28,39,-4,62,1918,1966,0,0.12,2.05
New York,1,1/2/2015,39,35,42,28,39,2,68,1918,1876,0,0.12,1.92
New York,1,1/3/2015,38,33,42,28,39,-4,64,1879,2000,0.71,0.12,2.42
New York,1,1/4/2015,49,41,56,27,39,-3,66,1918,1950,0.3,0.12,2.73
New York,1,1/5/2015,35,21,49,27,38,-4,64,1904,1993,0,0.12,1.5
New York,1,1/6/2015,21,19,22,27,38,-2,72,1896,2007,0.05,0.13,1.65
New York,1,1/7/2015,16,9,23,27,38,4,64,2014,1907,0,0.12,2.67
New York,1,1/8/2015,15,8,21,27,38,2,65,1968,1998,0,0.11,1.25
New York,1,1/9/2015,26,19,33,27,38,-1,64,1968,1937,0.07,0.13,1.42
New York,1,1/10/2015,20,16,23,27,38,-6,60,1875,1876,0,0.12,1.72
New York,1,1/11/2015,28,18,37,27,38,3,63,1968,1975,0,0.12,1.46
New York,1,1/12/2015,37,35,39,27,38,2,64,1981,1890,0.36,0.13,2.35
New York,1,1/13/2015,27,17,36,27,38,-3,68,1914,1932,0,0.12,1.44
New York,1,1/14/2015,24,16,32,27,38,-5,70,1914,1932,0,0.12,2.06
New York,1,1/15/2015,30,25,35,27,38,0,67,1957,1932,0,0.13,1.27
New York,1,1/16/2015,32,20,43,27,38,1,58,2004,1995,0,0.12,1.44
New York,1,1/17/2015,25,17,32,27,38,-2,63,1977,1990,0,0.12,1.36
New York,1,1/18/2015,37,31,42,27,38,0,66,1982,1990,2.1,0.11,2.1
New York,1,1/19/2015,39,36,42,27,38,-3,64,1875,1951,0,0.12,2.39
New York,1,1/20/2015,36,32,40,27,38,0,61,1994,2006,0,0.11,1.41
New York,1,1/21/2015,31,25,36,27,38,-2,63,1985,2006,0,0.12,3.45
New York,1,1/22/2015,36,31,40,27,38,0,61,1888,1959,0,0.12,1.7
New York,1,1/23/2015,34,28,39,27,38,-3,62,1936,1906,0,0.11,2.55
New York,1,1/24/2015,36,33,39,27,38,-6,68,1882,1967,0.72,0.11,2.18
New York,1,1/25/2015,37,31,42,27,38,2,60,1945,1967,0,0.11,1.8
New York,1,1/26/2015,27,22,31,27,39,3,72,1927,1950,0.48,0.11,2.19
New York,1,1/27/2015,25,20,30,27,39,-1,69,1927,1916,0.36,0.11,1.94
New York,1,1/28/2015,25,16,34,27,39,-2,66,1925,1916,0,0.11,1.87
New York,1,1/29/2015,28,19,36,27,39,0,69,1873,2002,0.02,0.11,1.03
New York,1,1/30/2015,29,19,38,27,39,2,64,1873,2006,0.06,0.11,1.19
New York,1,1/31/2015,20,13,26,27,39,-1,63,1920,1947,0,0.12,1.51
New York,2,2/1/2015,28,20,36,27,39,-2,67,1920,1989,0.03,0.11,2.12
New York,2,2/2/2015,24,14,34,27,39,-3,59,1881,1988,1.02,0.11,2.98
New York,2,2/3/2015,20,13,26,27,39,0,64,1955,1991,0,0.11,1.55
New York,2,2/4/2015,34,24,43,28,40,0,68,1918,1991,0,0.1,2.1
New York,2,2/5/2015,28,14,42,28,40,-6,70,1918,1991,0,0.11,1.43
New York,2,2/6/2015,20,12,27,28,40,-4,68,1895,2008,0,0.11,2.74
New York,2,2/7/2015,33,25,40,28,40,1,54,1910,1938,0.02,0.11,2.96
New York,2,2/8/2015,33,29,37,28,40,-7,61,1934,1965,0,0.11,1.15
New York,2,2/9/2015,27,25,29,28,40,-15,63,1934,1990,0.09,0.1,1.74
New York,2,2/10/2015,33,26,40,28,41,-6,61,1899,2001,0.01,0.11,2.63
New York,2,2/11/2015,28,22,34,28,41,-2,65,1899,1960,0,0.1,2.74
New York,2,2/12/2015,28,16,40,28,41,-3,62,1914,1999,0,0.11,1.66
New York,2,2/13/2015,15,8,21,29,41,-1,64,1914,1951,0,0.1,2.42
New York,2,2/14/2015,24,16,32,29,41,2,63,1916,1946,0.02,0.11,1.59
New York,2,2/15/2015,15,4,25,29,42,-8,73,1943,1949,0,0.1,1.73
New York,2,2/16/2015,12,3,21,29,42,1,71,1888,1954,0,0.12,1.4
New York,2,2/17/2015,21,14,27,29,42,-5,67,1896,1976,0.14,0.11,1.49
New York,2,2/18/2015,26,19,33,29,42,0,68,1979,1981,0,0.11,1.5
New York,2,2/19/2015,18,8,27,30,42,1,66,1936,1997,0,0.11,2.15
New York,2,2/20/2015,11,2,19,30,43,2,69,2015,1939,0,0.11,3.07
New York,2,2/21/2015,23,13,32,30,43,4,68,1896,1930,0.61,0.11,1.86
New York,2,2/22/2015,38,32,43,30,43,8,69,1963,1997,0.1,0.11,2.39
New York,2,2/23/2015,23,8,38,30,43,5,70,1889,1985,0,0.12,1.38
New York,2,2/24/2015,14,4,24,30,44,-4,75,1873,1985,0,0.12,1.69
New York,2,2/25/2015,29,20,37,31,44,1,75,1914,1930,0,0.11,2.11
New York,2,2/26/2015,27,21,32,31,44,7,65,1990,1890,0,0.12,1.87
New York,2,2/27/2015,24,18,30,31,44,5,72,1900,1997,0,0.12,1.56
New York,2,2/28/2015,21,13,29,31,45,5,67,1934,1976,0,0.12,1.21
New York,3,3/1/2015,28,24,31,31,45,5,73,1884,1972,0.52,0.13,2.95
New York,3,3/2/2015,33,27,39,32,45,9,72,1891,1972,0,0.12,2.41
New York,3,3/3/2015,30,22,37,32,45,11,65,2003,1991,0.67,0.12,2.25
New York,3,3/4/2015,40,35,45,32,46,7,70,1943,1974,0.25,0.13,1.65
New York,3,3/5/2015,30,19,40,32,46,3,72,1872,1880,0.76,0.13,1.81
New York,3,3/6/2015,20,12,27,32,46,6,68,1872,1935,0,0.13,2.63
New York,3,3/7/2015,28,18,38,33,47,7,74,1890,1946,0,0.13,1.87
New York,3,3/8/2015,43,37,49,33,47,8,76,1883,1987,0,0.14,1.78
New York,3,3/9/2015,47,40,54,33,47,11,69,1996,2000,0.01,0.13,1.82
New York,3,3/10/2015,46,39,53,33,48,12,74,1929,2006,0.46,0.13,1.62
New York,3,3/11/2015,52,44,59,34,48,14,73,1960,1977,0.01,0.13,2.94
New York,3,3/12/2015,42,36,47,34,48,8,71,1888,1890,0,0.13,2.33
New York,3,3/13/2015,37,31,43,34,49,6,85,1888,1990,0,0.12,3.86
New York,3,3/14/2015,46,40,51,35,49,15,75,1896,1946,0.81,0.14,1.02
New York,3,3/15/2015,40,36,44,35,49,14,77,1993,1990,0,0.14,1.81
New York,3,3/16/2015,44,35,52,35,50,13,82,1911,1990,0,0.14,2.03
New York,3,3/17/2015,46,34,57,35,50,9,75,1916,1945,0.02,0.15,1.42
New York,3,3/18/2015,34,29,39,36,50,7,77,1916,1989,0,0.14,3.1
New York,3,3/19/2015,36,29,43,36,51,8,76,1967,1918,0,0.15,2.19
New York,3,3/20/2015,34,29,38,36,51,11,83,1885,1945,0.4,0.15,1.93
New York,3,3/21/2015,38,29,47,37,51,10,84,1885,1921,0,0.15,2.37
New York,3,3/22/2015,36,28,43,37,52,12,78,1885,2012,0,0.15,3.44
New York,3,3/23/2015,31,23,38,37,52,12,76,1875,1923,0,0.16,1.6
New York,3,3/24/2015,36,26,45,37,52,12,76,1888,1988,0,0.15,2.05
New York,3,3/25/2015,42,34,49,38,53,13,79,1878,1963,0.05,0.15,4.25
New York,3,3/26/2015,52,42,62,38,53,20,76,1960,1922,0.32,0.15,1.42
New York,3,3/27/2015,43,39,46,38,54,20,83,1894,1998,0.27,0.16,1.79
New York,3,3/28/2015,33,26,40,39,54,13,84,1923,1945,0,0.15,2.98
New York,3,3/29/2015,36,25,46,39,54,10,86,1923,1945,0,0.15,2.03
New York,3,3/30/2015,45,36,54,39,55,16,82,1887,1998,0,0.16,2.45
New York,3,3/31/2015,41,35,47,40,55,14,86,1923,1998,0.17,0.15,2.2
New York,4,4/1/2015,42,32,51,40,56,12,83,1923,1917,0,0.16,1.89
New York,4,4/2/2015,54,41,67,40,56,22,81,1919,1967,0,0.16,1.93
New York,4,4/3/2015,62,59,64,41,56,24,81,1954,1981,0.04,0.16,1.9
New York,4,4/4/2015,51,42,60,41,57,21,80,1874,1892,0.01,0.16,1.99
New York,4,4/5/2015,52,42,61,41,57,20,80,1874,1928,0,0.16,2.76
New York,4,4/6/2015,53,42,63,42,58,21,79,1982,1947,0,0.15,2.52
New York,4,4/7/2015,52,42,62,42,58,21,92,1982,2010,0.15,0.16,1.35
New York,4,4/8/2015,41,37,45,42,58,25,90,1982,1991,0,0.15,1.93
New York,4,4/9/2015,40,37,43,43,59,25,86,1977,1991,0,0.16,3.42
New York,4,4/10/2015,48,39,56,43,59,28,86,1997,1922,0.17,0.17,4.31
New York,4,4/11/2015,51,44,57,43,60,24,84,1909,1955,0,0.16,1.1
New York,4,4/12/2015,55,43,66,44,60,22,90,1874,1977,0,0.16,2.12
New York,4,4/13/2015,59,50,68,44,60,25,88,1874,1977,0,0.16,1.26
New York,4,4/14/2015,60,55,65,44,61,26,85,1950,1941,0.01,0.16,2.72
New York,4,4/15/2015,62,51,72,45,61,28,87,1943,1941,0,0.15,7.57
New York,4,4/16/2015,58,52,64,45,62,29,92,1928,2002,0,0.14,3.29
New York,4,4/17/2015,63,55,71,45,62,28,96,1875,2002,0.08,0.15,1.29
New York,4,4/18/2015,70,59,80,46,62,25,96,1875,1976,0,0.14,2.19
New York,4,4/19/2015,56,48,64,46,63,21,92,1875,1976,0,0.15,1.96
New York,4,4/20/2015,52,46,57,46,63,24,90,1897,1927,1.37,0.14,1.96
New York,4,4/21/2015,59,52,65,47,63,26,87,1875,1923,0.2,0.14,2.28
New York,4,4/22/2015,59,48,69,47,64,33,86,1947,2001,0.05,0.14,2.45
New York,4,4/23/2015,47,41,52,47,64,32,86,1930,2007,0,0.14,2.34
New York,4,4/24/2015,46,39,52,48,64,31,87,1930,2001,0,0.14,2.17
New York,4,4/25/2015,50,38,62,48,65,29,91,1919,1915,0,0.14,1.68
New York,4,4/26/2015,55,46,64,48,65,31,92,1919,2009,0,0.14,1.88
New York,4,4/27/2015,56,49,62,48,65,36,92,1932,1915,0,0.14,2.04
New York,4,4/28/2015,61,50,71,49,66,34,90,1934,1990,0,0.15,2.74
New York,4,4/29/2015,64,50,78,49,66,32,89,1874,1974,0,0.14,0.91
New York,4,4/30/2015,58,48,67,49,66,30,91,1875,1942,0,0.13,4.97
New York,5,5/1/2015,56,49,63,50,67,35,87,1880,2001,0,0.12,2.48
New York,5,5/2/2015,61,48,74,50,67,37,90,1903,2001,0,0.12,1.1
New York,5,5/3/2015,66,51,80,50,67,36,90,1874,2001,0,0.13,1.66
New York,5,5/4/2015,71,57,85,50,68,38,92,1917,2001,0,0.13,2.02
New York,5,5/5/2015,76,66,85,51,68,34,90,1891,1980,0,0.13,1.55
New York,5,5/6/2015,66,59,73,51,68,32,92,1891,1986,0,0.13,1.46
New York,5,5/7/2015,68,56,80,51,68,37,93,1891,2000,0,0.14,3.82
New York,5,5/8/2015,69,56,82,52,69,37,91,1947,2000,0,0.12,3.02
New York,5,5/9/2015,64,57,70,52,69,35,94,1947,1979,0,0.13,1.42
New York,5,5/10/2015,72,61,83,52,69,36,94,1966,1979,0,0.13,2.1
New York,5,5/11/2015,77,70,84,52,70,36,92,1913,1993,0,0.12,1.67
New York,5,5/12/2015,75,64,86,53,70,40,93,1907,1881,0,0.13,1.84
New York,5,5/13/2015,62,53,70,53,70,39,89,1895,1956,0,0.12,1.66
New York,5,5/14/2015,62,50,73,53,70,40,88,1878,1900,0,0.12,3.38
New York,5,5/15/2015,65,55,75,54,71,42,90,1947,1900,0,0.13,1.16
New York,5,5/16/2015,66,57,75,54,71,42,90,1878,1951,0.3,0.13,2.66
New York,5,5/17/2015,74,64,83,54,71,39,92,1956,1974,0.02,0.13,1.05
New York,5,5/18/2015,68,60,75,55,71,41,90,1973,1936,0,0.13,2.18
New York,5,5/19/2015,70,59,80,55,72,38,99,1976,1962,0,0.13,2.02
New York,5,5/20/2015,61,54,67,55,72,43,96,2002,1996,0,0.14,2.03
New York,5,5/21/2015,57,52,62,55,72,40,93,1907,1996,0,0.14,1.94
New York,5,5/22/2015,65,55,74,56,72,44,96,1990,1941,0,0.15,1.25
New York,5,5/23/2015,60,49,70,56,73,43,94,1963,1964,0,0.15,2.7
New York,5,5/24/2015,69,56,81,56,73,39,93,1963,1975,0,0.15,2.07
New York,5,5/25/2015,75,64,85,57,73,41,95,1925,1880,0,0.15,0.86
New York,5,5/26/2015,78,67,88,57,74,42,95,1967,1880,0,0.15,1.28
New York,5,5/27/2015,78,70,85,57,74,41,96,1961,1880,0.08,0.14,2.62
New York,5,5/28/2015,78,70,85,58,74,43,94,1961,1959,0,0.14,1.16
New York,5,5/29/2015,75,65,85,58,74,43,97,1902,1969,0,0.16,3.99
New York,5,5/30/2015,76,67,85,58,75,42,97,1884,1987,0,0.15,2.19
New York,5,5/31/2015,72,57,87,59,75,46,96,1938,1939,1.46,0.15,3.13
New York,6,6/1/2015,55,51,58,59,75,44,96,1945,1895,0.72,0.16,2.6
New York,6,6/2/2015,53,50,55,59,76,48,96,1946,1895,0.37,0.16,2.79
New York,6,6/3/2015,61,52,70,60,76,45,95,1929,1895,0,0.16,3.01
New York,6,6/4/2015,60,54,65,60,76,48,99,1926,1925,0,0.16,2.75
New York,6,6/5/2015,63,55,70,60,76,47,99,1945,1925,0.13,0.16,2.8
New York,6,6/6/2015,68,60,76,61,77,47,98,1945,1925,0.19,0.16,2.62
New York,6,6/7/2015,65,55,74,61,77,47,96,1897,1925,0,0.16,4.16
New York,6,6/8/2015,71,63,79,61,77,47,95,1932,1933,0.06,0.16,1.47
New York,6,6/9/2015,76,68,83,62,78,47,97,1980,1933,0.01,0.16,2.55
New York,6,6/10/2015,74,65,82,62,78,49,96,1972,2008,0,0.16,2.07
New York,6,6/11/2015,81,72,89,62,78,46,95,1972,1973,0,0.16,1.14
New York,6,6/12/2015,81,73,88,63,78,48,93,1979,1973,0,0.16,2.18
New York,6,6/13/2015,79,72,86,63,79,51,96,1953,1961,0,0.16,1.71
New York,6,6/14/2015,77,66,88,63,79,49,99,1875,1956,0.36,0.16,2.54
New York,6,6/15/2015,74,64,83,64,79,48,96,1933,1994,0.57,0.15,1.13
New York,6,6/16/2015,72,65,79,64,80,52,97,1927,1891,0.27,0.15,1.31
New York,6,6/17/2015,74,66,82,64,80,51,96,1926,1957,0,0.16,1.82
New York,6,6/18/2015,68,64,71,65,80,48,95,1950,1929,0,0.14,2.3
New York,6,6/19/2015,78,68,87,65,80,52,98,1920,1994,0,0.14,2.16
New York,6,6/20/2015,70,64,75,65,81,49,98,1914,1923,0,0.13,1.39
New York,6,6/21/2015,80,71,88,65,81,49,97,1897,1988,0.64,0.14,1.7
New York,6,6/22/2015,79,70,87,66,81,52,98,1940,1988,0,0.13,1.96
New York,6,6/23/2015,83,75,90,66,81,49,96,1918,1888,0.02,0.13,1.75
New York,6,6/24/2015,76,68,84,66,82,52,96,1932,1888,0,0.13,1.46
New York,6,6/25/2015,74,65,83,66,82,50,99,1873,1952,0,0.14,1.28
New York,6,6/26/2015,75,69,81,67,82,56,100,1979,1952,0,0.13,4.29
New York,6,6/27/2015,65,58,71,67,82,55,101,1940,1966,1.12,0.12,2.11
New York,6,6/28/2015,68,62,73,67,83,54,96,1995,1991,0.29,0.13,1.69
New York,6,6/29/2015,70,63,76,67,83,52,101,1919,1934,0,0.12,2.57
New York,6,6/30/2015,75,68,82,67,83,53,99,1919,1964,0,0.13,3.07
Houston,1,1/1/2015,44,41,47,43,63,18,81,1928,2006,0.15,0.1,3.12
Houston,1,1/2/2015,51,47,54,43,63,16,81,1928,2000,0.63,0.1,2.26
Houston,1,1/3/2015,47,41,53,43,62,16,83,1911,1989,0.63,0.1,3.44
Houston,1,1/4/2015,46,36,56,43,62,18,79,1911,1997,0,0.11,2.23
Houston,1,1/5/2015,43,31,54,43,62,22,80,1972,1998,0,0.11,1.39
Houston,1,1/6/2015,50,34,65,43,62,22,80,1972,1989,0,0.11,3.7
Houston,1,1/7/2015,51,39,62,43,62,19,79,1970,1989,0,0.1,2.01
Houston,1,1/8/2015,35,28,42,43,62,19,79,1996,1957,0.01,0.11,5.89
Houston,1,1/9/2015,39,37,40,43,63,19,80,1976,1974,0.06,0.1,2.49
Houston,1,1/10/2015,39,37,41,43,63,18,82,1977,1963,0.08,0.11,1.43
Houston,1,1/11/2015,44,39,49,43,63,12,81,1982,1995,0.66,0.1,2.78
Houston,1,1/12/2015,46,43,49,43,63,11,81,1918,2000,0,0.11,2.27
Houston,1,1/13/2015,45,43,46,43,63,17,81,1912,2000,0.05,0.1,1.51
Houston,1,1/14/2015,42,39,45,43,63,19,82,1982,1971,0,0.11,1.45
Houston,1,1/15/2015,47,39,54,43,63,21,79,1892,1996,0,0.11,2.82
Houston,1,1/16/2015,47,33,61,43,63,22,81,1972,1936,0,0.11,2.6
Houston,1,1/17/2015,53,37,69,43,63,15,80,1930,1974,0,0.11,2.39
Houston,1,1/18/2015,57,43,71,43,63,5,81,1930,2000,0,0.12,2.83
Houston,1,1/19/2015,53,34,72,43,63,10,81,1940,2000,0,0.11,2
Houston,1,1/20/2015,61,45,76,43,63,20,81,1985,2012,0,0.11,1.83
Houston,1,1/21/2015,62,57,67,43,63,16,81,1985,1911,0,0.11,2.05
Houston,1,1/22/2015,52,44,60,43,63,15,80,1930,1972,0.87,0.12,2.52
Houston,1,1/23/2015,42,39,44,43,63,14,83,1940,1972,0.03,0.11,2.62
Houston,1,1/24/2015,49,35,62,43,63,18,82,1963,1971,0,0.11,1.94
Houston,1,1/25/2015,55,40,70,44,63,19,81,1894,1971,0,0.11,2.83
Houston,1,1/26/2015,56,44,67,44,64,23,84,1943,1975,0,0.11,2.58
Houston,1,1/27/2015,64,47,81,44,64,19,83,1897,1975,0,0.11,2.86
Houston,1,1/28/2015,61,43,79,44,64,19,82,1897,1975,0,0.12,0.75
Houston,1,1/29/2015,62,49,75,44,64,22,82,1897,1975,0,0.11,1.93
Houston,1,1/30/2015,55,45,65,44,64,18,84,1949,1911,0,0.12,1.64
Houston,1,1/31/2015,53,42,63,44,64,14,82,1949,1911,0,0.11,2.12
Houston,2,2/1/2015,63,48,77,44,64,15,82,1951,1989,0.01,0.12,3.69
Houston,2,2/2/2015,43,36,50,44,64,14,83,1951,1911,0,0.11,1.7
Houston,2,2/3/2015,44,41,46,44,64,23,80,1951,2008,0.17,0.1,1.82
Houston,2,2/4/2015,52,42,61,45,65,22,81,1996,1957,0.16,0.1,2.19
Houston,2,2/5/2015,48,41,55,45,65,23,83,1996,1957,0,0.1,1.8
Houston,2,2/6/2015,49,41,56,45,65,24,81,1989,1969,0,0.11,1.09
Houston,2,2/7/2015,53,37,69,45,65,11,80,1895,1957,0,0.11,1.46
Houston,2,2/8/2015,66,54,77,45,65,10,82,1895,1932,0,0.11,1.84
Houston,2,2/9/2015,69,54,83,45,65,15,86,1933,1962,0,0.11,2
Houston,2,2/10/2015,59,43,74,46,65,22,85,1973,1957,0,0.12,2.22
Houston,2,2/11/2015,60,44,75,46,66,20,82,1981,1999,0,0.11,1.88
Houston,2,2/12/2015,56,46,66,46,66,6,84,1899,1922,0,0.12,2.7
Houston,2,2/13/2015,53,39,66,46,66,6,83,1899,1962,0,0.11,2.99
Houston,2,2/14/2015,61,43,78,46,66,10,83,1899,1911,0,0.11,1.9
Houston,2,2/15/2015,61,51,71,47,66,18,83,1905,2000,0.02,0.13,2
Houston,2,2/16/2015,53,37,68,47,66,13,82,1895,1927,0.15,0.12,2.05
Houston,2,2/17/2015,44,34,54,47,67,16,86,1895,1907,0,0.12,0.87
Houston,2,2/18/2015,49,33,64,47,67,19,87,1936,1986,0,0.13,2.09
Houston,2,2/19/2015,51,37,64,47,67,20,88,1900,1986,0,0.12,1.3
Houston,2,2/20/2015,61,52,69,48,67,25,91,1908,1986,0.01,0.12,2.6
Houston,2,2/21/2015,70,65,75,48,67,24,89,1978,1996,0,0.12,1.98
Houston,2,2/22/2015,63,45,80,48,68,21,90,1978,1996,0,0.12,1.96
Houston,2,2/23/2015,40,34,46,48,68,27,88,1976,1996,0.02,0.11,1.6
Houston,2,2/24/2015,38,33,43,48,68,26,87,1914,1927,0,0.12,1.38
Houston,2,2/25/2015,42,33,50,49,68,26,85,1974,1918,0.1,0.1,2.1
Houston,2,2/26/2015,43,31,55,49,69,26,86,1974,1986,0,0.12,1.51
Houston,2,2/27/2015,42,37,46,49,69,22,86,2002,1954,0,0.11,1.85
Houston,2,2/28/2015,47,37,57,49,69,28,90,2002,1940,0.02,0.12,1.44
Houston,3,3/1/2015,54,49,59,50,69,28,84,1980,1975,0.22,0.11,3.32
Houston,3,3/2/2015,54,48,60,50,70,22,91,1980,1909,0.01,0.12,1.55
Houston,3,3/3/2015,68,56,80,50,70,21,86,1943,1893,0,0.11,1.03
Houston,3,3/4/2015,63,43,83,50,70,22,86,2002,1893,0,0.12,4.56
Houston,3,3/5/2015,44,36,51,50,70,25,84,1989,1998,0.15,0.12,2.2
Houston,3,3/6/2015,44,30,57,51,71,25,86,1989,1991,0,0.12,1.44
Houston,3,3/7/2015,48,35,60,51,71,28,90,1989,1911,0,0.12,1.58
Houston,3,3/8/2015,49,45,53,51,71,27,88,1971,1911,1.49,0.11,2.05
Houston,3,3/9/2015,58,50,66,51,71,27,88,1932,2000,1.96,0.11,1.96
Houston,3,3/10/2015,57,53,60,51,72,27,89,1932,1980,0,0.11,3.23
Houston,3,3/11/2015,58,53,62,52,72,27,87,1948,1911,0.12,0.11,2.81
Houston,3,3/12/2015,59,55,62,52,72,24,89,1948,1904,0.33,0.11,4.28
Houston,3,3/13/2015,61,55,66,52,72,27,88,1932,1942,0.34,0.1,1.96
Houston,3,3/14/2015,64,51,77,52,73,29,88,1993,2008,0,0.11,1.82
Houston,3,3/15/2015,64,55,73,52,73,32,89,1999,2008,0,0.11,2.06
Houston,3,3/16/2015,67,57,77,53,73,34,87,1913,1908,0,0.11,2.83
Houston,3,3/17/2015,70,58,82,53,73,30,88,1900,1908,0,0.1,2.57
Houston,3,3/18/2015,74,65,82,53,74,27,90,1892,2013,0.11,0.1,1.6
Houston,3,3/19/2015,73,66,79,53,74,27,89,1923,1908,0.49,0.09,4.2
Houston,3,3/20/2015,74,66,82,53,74,24,90,1923,1907,0.02,0.11,7.47
Houston,3,3/21/2015,65,64,66,54,74,30,87,1996,1907,1.01,0.1,1.38
Houston,3,3/22/2015,68,60,76,54,75,32,89,1970,1916,0,0.12,2.01
Houston,3,3/23/2015,68,55,80,54,75,35,89,1989,1929,0,0.11,2.27
Houston,3,3/24/2015,67,53,80,54,75,32,87,1897,1907,0,0.11,1.46
Houston,3,3/25/2015,68,56,80,54,75,36,93,2006,1928,0,0.12,7.36
Houston,3,3/26/2015,62,54,69,55,75,30,94,1955,1928,0.09,0.12,2.23
Houston,3,3/27/2015,62,44,80,55,76,31,89,1955,1935,0,0.11,3
Houston,3,3/28/2015,65,47,82,55,76,33,89,1931,1972,0,0.11,1.99
Houston,3,3/29/2015,70,57,82,55,76,35,90,1894,1974,0,0.1,1.75
Houston,3,3/30/2015,72,61,83,55,76,33,96,1987,1946,0,0.11,2.9
Houston,3,3/31/2015,74,64,83,56,77,30,88,1987,1946,0,0.1,1.44
Houston,4,4/1/2015,74,69,79,56,77,39,89,1987,1936,0.01,0.1,2.26
Houston,4,4/2/2015,77,69,84,56,77,38,89,1996,1939,0,0.1,4.75
Houston,4,4/3/2015,77,71,82,56,77,31,87,1987,2006,0,0.1,3.09
Houston,4,4/4/2015,67,61,73,56,77,34,88,1987,1897,0,0.1,3.35
Houston,4,4/5/2015,62,57,67,57,78,38,91,1973,1982,0.02,0.1,2.61
Houston,4,4/6/2015,75,67,82,57,78,37,88,1970,1909,0,0.1,1.9
Houston,4,4/7/2015,79,70,87,57,78,32,91,1971,1907,0,0.1,2.28
Houston,4,4/8/2015,78,71,84,57,78,35,92,1971,1986,0,0.1,3.26
Houston,4,4/9/2015,78,70,86,58,78,36,92,1973,1963,0,0.1,2.68
Houston,4,4/10/2015,68,61,74,58,79,31,92,1973,1963,1.74,0.11,2.57
Houston,4,4/11/2015,70,63,77,58,79,38,89,1989,1934,0.13,0.1,1.67
Houston,4,4/12/2015,74,68,80,58,79,41,89,1900,1981,0.14,0.1,4.04
Houston,4,4/13/2015,79,71,86,59,79,39,92,1940,1996,0.32,0.1,6.43
Houston,4,4/14/2015,70,64,76,59,79,39,89,1980,1996,0.12,0.11,3.52
Houston,4,4/15/2015,71,60,81,59,80,38,90,1928,1944,0,0.1,3.05
Houston,4,4/16/2015,74,65,82,59,80,38,92,1983,1987,1.66,0.11,4.7
Houston,4,4/17/2015,74,64,83,60,80,38,92,1999,2006,1.1,0.11,1.9
Houston,4,4/18/2015,72,66,78,60,80,42,94,1999,1987,0.09,0.11,8.16
Houston,4,4/19/2015,72,58,86,60,80,40,92,1901,1987,0.54,0.11,2.77
Houston,4,4/20/2015,67,59,74,61,81,39,93,2013,1987,0,0.11,2.7
Houston,4,4/21/2015,68,56,79,61,81,42,90,1978,1987,0,0.12,3.76
Houston,4,4/22/2015,76,67,84,61,81,43,90,1993,2009,0,0.12,1.5
Houston,4,4/23/2015,79,69,88,61,81,44,91,1998,1999,0,0.11,2.4
Houston,4,4/24/2015,78,71,85,62,81,46,92,1995,1894,0,0.12,2.24
Houston,4,4/25/2015,78,67,88,62,82,41,90,1910,1987,0.21,0.13,2.5
Houston,4,4/26/2015,76,67,85,62,82,46,91,1978,1988,0,0.12,3.52
Houston,4,4/27/2015,72,66,78,63,82,47,93,1978,1933,0.02,0.13,2.72
Houston,4,4/28/2015,64,56,71,63,82,47,95,1978,1987,0,0.12,3.76
Houston,4,4/29/2015,65,52,78,63,82,46,92,2008,1987,0,0.13,2.86
Houston,4,4/30/2015,68,53,82,64,83,42,92,1908,1981,0,0.14,3.2
Houston,5,5/1/2015,71,57,84,64,83,45,94,1908,1947,0,0.15,4.11
Houston,5,5/2/2015,70,57,83,64,83,45,96,1976,1964,0,0.15,3.48
Houston,5,5/3/2015,70,57,83,64,83,47,93,1978,1890,0,0.16,5.1
Houston,5,5/4/2015,73,61,84,65,84,42,94,2013,1890,0,0.16,1.72
Houston,5,5/5/2015,73,63,82,65,84,49,94,1970,1906,0.13,0.17,3.6
Houston,5,5/6/2015,78,73,83,65,84,49,94,2013,1906,0.41,0.17,5
Houston,5,5/7/2015,80,74,85,65,84,47,94,1891,1998,0,0.17,2.61
Houston,5,5/8/2015,81,77,85,66,85,45,96,1892,1967,0,0.17,2.34
Houston,5,5/9/2015,82,76,87,66,85,46,94,1984,1998,0,0.17,2.42
Houston,5,5/10/2015,82,77,87,66,85,51,94,1984,1927,0.03,0.17,5.89
Houston,5,5/11/2015,75,69,80,67,85,47,94,1981,1890,0.28,0.17,2.16
Houston,5,5/12/2015,74,69,79,67,85,50,92,1895,1967,0.56,0.16,5.27
Houston,5,5/13/2015,75,68,81,67,86,50,94,1895,1907,1.55,0.16,3.44
Houston,5,5/14/2015,80,72,87,67,86,47,93,1971,1995,0.05,0.16,2.44
Houston,5,5/15/2015,79,73,84,68,86,49,92,1890,2003,0.15,0.18,4.64
Houston,5,5/16/2015,81,73,89,68,86,47,93,1973,2003,0,0.17,2.8
Houston,5,5/17/2015,78,71,85,68,87,52,95,1970,1894,0.98,0.17,4.2
Houston,5,5/18/2015,80,73,86,68,87,50,95,1976,1890,0.24,0.15,6.16
Houston,5,5/19/2015,80,73,86,68,87,50,95,1976,2003,0.02,0.16,6.87
Houston,5,5/20/2015,81,73,89,69,87,48,95,1894,2008,0.31,0.16,4.17
Houston,5,5/21/2015,77,71,82,69,88,53,96,1892,2005,1.08,0.15,5.45
Houston,5,5/22/2015,72,65,79,69,88,48,96,1892,2005,0,0.16,3.1
Houston,5,5/23/2015,79,73,85,69,88,45,95,1892,1996,0.72,0.16,3.99
Houston,5,5/24/2015,75,69,81,70,88,54,95,1892,1955,0.56,0.16,3.96
Houston,5,5/25/2015,77,66,88,70,88,56,95,1979,1927,4.34,0.16,4.34
Houston,5,5/26/2015,76,66,85,70,89,57,98,1979,2011,0.77,0.17,2.91
Houston,5,5/27/2015,76,65,86,70,89,50,98,1901,1928,1.41,0.17,3.99
Houston,5,5/28/2015,80,70,90,70,89,54,98,1901,1906,0,0.17,2.83
Houston,5,5/29/2015,80,70,89,71,89,58,99,1984,1996,0.01,0.17,4.33
Houston,5,5/30/2015,80,69,91,71,89,53,97,1984,1998,0.57,0.17,5.01
Houston,5,5/31/2015,78,69,87,71,90,50,98,1889,1998,0,0.17,3.45
Houston,6,6/1/2015,78,66,89,71,90,53,98,1984,1998,0,0.18,1.32
Houston,6,6/2/2015,79,68,90,71,90,55,100,1892,2011,0,0.17,4.03
Houston,6,6/3/2015,80,69,91,72,90,52,98,1970,1960,0,0.18,3.27
Houston,6,6/4/2015,80,69,90,72,90,59,98,1970,2011,0,0.17,3.72
Houston,6,6/5/2015,82,72,92,72,90,56,105,1970,2011,0,0.18,5.33
Houston,6,6/6/2015,83,72,93,72,91,57,105,1970,2011,0,0.18,2.66
Houston,6,6/7/2015,83,72,93,72,91,58,99,1970,1903,0,0.18,2.29
Houston,6,6/8/2015,83,72,93,72,91,60,99,1977,1980,0,0.19,8.13
Houston,6,6/9/2015,84,74,93,73,91,56,97,1996,1956,0,0.19,2.92
Houston,6,6/10/2015,84,74,94,73,91,57,100,1955,1902,0,0.19,2.92
Houston,6,6/11/2015,84,73,94,73,91,61,101,1976,1902,0.01,0.21,5.63
Houston,6,6/12/2015,83,74,92,73,91,55,101,1979,1978,0,0.22,3.05
Houston,6,6/13/2015,80,74,86,73,91,57,101,1979,1911,0.35,0.21,3.58
Houston,6,6/14/2015,81,74,88,73,91,55,102,1903,1998,0.52,0.21,3.81
Houston,6,6/15/2015,83,75,90,73,92,55,100,1903,2011,0.14,0.21,5.68
Houston,6,6/16/2015,78,75,80,74,92,57,100,1989,1963,2.26,0.21,2.71
Houston,6,6/17/2015,80,76,84,74,92,62,100,1989,1902,0.7,0.21,1.51
Houston,6,6/18/2015,81,76,86,74,92,64,103,1969,1918,0,0.22,3.29
Houston,6,6/19/2015,83,76,90,74,92,64,101,1912,1934,0,0.22,4.43
Houston,6,6/20/2015,84,77,90,74,92,62,101,1976,1902,0.2,0.21,1.99
Houston,6,6/21/2015,86,78,93,74,92,59,100,1976,1998,0,0.21,2.04
Houston,6,6/22/2015,84,76,92,74,92,66,101,1912,1933,0,0.22,3.13
Houston,6,6/23/2015,84,76,92,74,92,60,101,1904,2009,0,0.2,2.22
Houston,6,6/24/2015,84,74,93,74,92,61,104,1904,2009,0,0.21,4.47
Houston,6,6/25/2015,85,75,94,75,92,60,102,1974,2009,0,0.2,2.82
Houston,6,6/26/2015,86,77,94,75,92,59,105,1974,2012,0.13,0.19,10.34
Houston,6,6/27/2015,83,73,93,75,92,57,102,1974,1980,2.38,0.19,2.5
Houston,6,6/28/2015,82,73,90,75,93,59,102,1974,2009,2.24,0.19,2.98
Houston,6,6/29/2015,84,76,92,75,93,59,107,1974,2013,0,0.19,2.5
Houston,6,6/30/2015,82,72,92,75,93,61,103,1985,1980,2.26,0.19,2.26
Jacksonville,1,1/1/2015,55,48,61,41,65,21,81,1918,1967,0,0.09,1.2
Jacksonville,1,1/2/2015,53,48,57,42,65,21,82,1928,1988,0,0.09,1.83
Jacksonville,1,1/3/2015,71,60,81,41,64,19,81,1979,2015,0,0.09,1.97
Jacksonville,1,1/4/2015,72,65,79,41,64,22,82,1887,1973,0.27,0.09,1.74
Jacksonville,1,1/5/2015,56,45,66,41,64,23,81,1999,1972,0,0.09,2.4
Jacksonville,1,1/6/2015,56,40,71,41,64,21,83,1999,2007,0,0.09,1.97
Jacksonville,1,1/7/2015,52,39,65,41,64,21,82,1924,2007,0,0.1,2.96
Jacksonville,1,1/8/2015,34,27,40,41,64,21,82,1970,2005,0,0.09,3.09
Jacksonville,1,1/9/2015,45,35,55,41,64,19,83,1970,1974,0,0.11,2.1
Jacksonville,1,1/10/2015,47,38,56,41,64,21,82,1970,1957,0,0.1,2.11
Jacksonville,1,1/11/2015,56,48,63,41,64,17,83,1982,1972,0.07,0.11,2.69
Jacksonville,1,1/12/2015,62,57,66,41,64,15,82,1886,1949,1.07,0.11,2.68
Jacksonville,1,1/13/2015,58,52,64,41,64,13,82,1981,1972,0,0.11,2.23
Jacksonville,1,1/14/2015,50,47,53,41,65,23,81,1964,1888,0,0.11,2.35
Jacksonville,1,1/15/2015,45,42,48,41,65,22,83,1979,1989,0.19,0.11,0.89
Jacksonville,1,1/16/2015,49,38,60,41,65,22,84,1927,1947,0,0.1,1.67
Jacksonville,1,1/17/2015,51,35,66,41,65,21,84,1977,1943,0,0.11,2.43
Jacksonville,1,1/18/2015,56,42,69,41,65,21,83,1977,1937,0,0.11,0.62
Jacksonville,1,1/19/2015,51,33,68,41,65,19,83,1977,1937,0,0.11,2.9
Jacksonville,1,1/20/2015,54,36,71,41,65,19,83,1985,1990,0,0.11,1.61
Jacksonville,1,1/21/2015,62,48,75,41,65,7,83,1985,1921,0,0.12,1.71
Jacksonville,1,1/22/2015,59,45,72,42,65,16,82,1985,1999,0,0.12,1.21
Jacksonville,1,1/23/2015,60,52,67,42,65,25,82,1960,1974,1.34,0.11,2.33
Jacksonville,1,1/24/2015,55,40,69,42,65,19,83,2003,1937,0.12,0.12,2.18
Jacksonville,1,1/25/2015,49,35,63,42,65,20,83,2003,1990,0,0.12,2.64
Jacksonville,1,1/26/2015,52,44,60,42,65,17,82,1905,1950,0.02,0.12,2.31
Jacksonville,1,1/27/2015,50,36,63,42,66,17,84,1940,1962,0,0.11,1.11
Jacksonville,1,1/28/2015,45,34,55,42,66,16,83,1986,1957,0,0.12,2.06
Jacksonville,1,1/29/2015,49,31,67,42,66,22,84,1897,1957,0,0.11,1.63
Jacksonville,1,1/30/2015,55,42,67,42,66,20,85,1966,2013,0,0.12,1.14
Jacksonville,1,1/31/2015,48,36,60,42,66,20,84,1966,1982,0,0.11,3.43
Jacksonville,2,2/1/2015,56,38,74,43,66,24,83,1977,1957,0,0.11,2.82
Jacksonville,2,2/2/2015,55,41,68,43,66,23,84,1979,1990,0.32,0.11,3.68
Jacksonville,2,2/3/2015,44,31,56,43,66,16,86,1917,1990,0,0.11,4.93
Jacksonville,2,2/4/2015,51,45,56,43,67,23,84,1981,1957,0.42,0.11,0.99
Jacksonville,2,2/5/2015,53,42,64,43,67,19,87,1996,1957,0.87,0.1,2
Jacksonville,2,2/6/2015,47,37,57,43,67,23,85,2009,1989,0,0.11,3.06
Jacksonville,2,2/7/2015,50,34,66,43,67,25,80,1988,1904,0,0.1,1.89
Jacksonville,2,2/8/2015,57,40,73,44,67,14,84,1895,1957,0,0.11,2.49
Jacksonville,2,2/9/2015,55,42,68,44,67,19,88,1895,1937,0.13,0.11,1.64
Jacksonville,2,2/10/2015,53,45,60,44,67,26,84,1979,1957,0,0.1,1.22
Jacksonville,2,2/11/2015,52,40,64,44,68,24,84,1971,1939,0,0.11,1.8
Jacksonville,2,2/12/2015,56,41,70,44,68,24,83,2012,1965,0,0.11,1.64
Jacksonville,2,2/13/2015,42,32,51,44,68,10,85,1899,1959,0,0.1,1.86
Jacksonville,2,2/14/2015,46,29,62,45,68,16,86,1899,1959,0,0.11,2.66
Jacksonville,2,2/15/2015,53,42,63,45,68,23,83,1943,2001,0,0.11,2.65
Jacksonville,2,2/16/2015,59,43,74,45,68,25,86,1991,1990,0,0.12,2.46
Jacksonville,2,2/17/2015,56,45,66,45,69,23,83,2007,1956,0.62,0.12,2.44
Jacksonville,2,2/18/2015,46,35,57,45,69,18,85,1900,1956,0,0.12,2.07
Jacksonville,2,2/19/2015,35,27,42,45,69,24,86,1958,1891,0,0.12,2.66
Jacksonville,2,2/20/2015,36,24,47,46,69,24,86,2015,1961,0,0.12,3.19
Jacksonville,2,2/21/2015,50,30,70,46,69,25,85,1958,1997,0,0.12,1.77
Jacksonville,2,2/22/2015,65,50,79,46,70,29,85,1958,1961,0,0.13,2.53
Jacksonville,2,2/23/2015,65,53,76,46,70,25,85,1978,1962,0,0.12,1.59
Jacksonville,2,2/24/2015,51,49,53,46,70,27,88,1989,1962,0.32,0.12,1.47
Jacksonville,2,2/25/2015,56,47,65,47,70,24,85,1989,2001,0,0.13,3.2
Jacksonville,2,2/26/2015,57,47,67,47,70,22,88,1967,1962,0.62,0.12,1.19
Jacksonville,2,2/27/2015,49,44,53,47,70,25,86,1974,1962,0,0.12,3.28
Jacksonville,2,2/28/2015,51,48,54,47,71,25,87,2002,1962,0.02,0.12,1.98
Jacksonville,3,3/1/2015,56,49,63,47,71,28,87,2002,1997,0.2,0.14,4.36
Jacksonville,3,3/2/2015,67,53,81,47,71,27,86,1890,1997,0,0.13,3.3
Jacksonville,3,3/3/2015,69,57,81,48,71,23,88,1980,2012,0,0.15,2.38
Jacksonville,3,3/4/2015,74,62,85,48,71,24,86,1980,1953,0,0.14,1.31
Jacksonville,3,3/5/2015,72,58,85,48,72,28,87,1971,1985,0.15,0.14,3
Jacksonville,3,3/6/2015,55,45,64,48,72,28,88,1960,1961,0,0.15,1.6
Jacksonville,3,3/7/2015,50,39,61,48,72,29,87,1899,1956,0,0.14,2.71
Jacksonville,3,3/8/2015,54,38,70,48,72,26,88,1899,1945,0,0.13,0.93
Jacksonville,3,3/9/2015,61,45,77,49,72,27,88,1996,1974,0,0.13,4.87
Jacksonville,3,3/10/2015,69,52,86,49,73,26,91,1932,1974,0,0.13,1.69
Jacksonville,3,3/11/2015,75,64,86,49,73,31,89,1934,1967,0,0.13,2.66
Jacksonville,3,3/12/2015,65,54,76,49,73,32,91,2011,1967,0,0.13,1.41
Jacksonville,3,3/13/2015,72,64,80,49,73,32,88,1998,1982,0.01,0.14,1.74
Jacksonville,3,3/14/2015,77,66,87,49,73,28,89,1926,1956,0,0.12,1.4
Jacksonville,3,3/15/2015,72,61,83,50,74,27,90,1993,1967,0,0.13,2.63
Jacksonville,3,3/16/2015,68,51,84,50,74,30,89,1988,1945,0,0.13,2.35
Jacksonville,3,3/17/2015,71,54,88,50,74,30,88,1890,2002,0,0.12,2.63
Jacksonville,3,3/18/2015,67,59,74,50,74,32,89,1971,1963,0,0.13,3.02
Jacksonville,3,3/19/2015,69,59,78,50,74,29,89,1892,1955,0.01,0.12,1.51
Jacksonville,3,3/20/2015,70,61,79,50,75,34,89,1923,1945,0,0.12,3.04
Jacksonville,3,3/21/2015,73,64,82,51,75,30,90,1971,1907,0.53,0.12,0.95
Jacksonville,3,3/22/2015,70,62,77,51,75,31,90,1876,1935,0.08,0.11,1.77
Jacksonville,3,3/23/2015,63,59,67,51,75,33,91,1986,1935,0.47,0.11,2.34
Jacksonville,3,3/24/2015,62,57,66,51,75,35,91,1968,1907,0.03,0.11,3.31
Jacksonville,3,3/25/2015,67,59,75,51,75,34,90,2008,1954,0,0.12,2.34
Jacksonville,3,3/26/2015,68,58,77,51,76,32,88,1979,1949,0.53,0.12,1.65
Jacksonville,3,3/27/2015,64,51,76,51,76,32,89,1894,1991,0.28,0.13,3.91
Jacksonville,3,3/28/2015,53,42,63,52,76,35,89,2013,1994,0,0.12,7.12
Jacksonville,3,3/29/2015,51,39,62,52,76,34,89,1955,1991,0,0.12,1.92
Jacksonville,3,3/30/2015,59,40,78,52,76,36,89,1964,1961,0,0.12,1.43
Jacksonville,3,3/31/2015,68,55,81,52,76,32,88,1964,1954,0,0.12,4.31
Jacksonville,4,4/1/2015,71,58,84,52,77,34,89,1987,1974,0.05,0.11,2.24
Jacksonville,4,4/2/2015,68,54,81,52,77,36,90,1987,2012,0,0.1,3.24
Jacksonville,4,4/3/2015,73,59,87,52,77,39,89,1962,2012,0,0.11,7.35
Jacksonville,4,4/4/2015,71,59,83,53,77,38,90,1992,1974,0.12,0.1,1.24
Jacksonville,4,4/5/2015,68,60,75,53,77,35,89,1975,1880,0,0.1,2.46
Jacksonville,4,4/6/2015,70,60,80,53,77,34,90,1891,1947,0,0.09,1.8
Jacksonville,4,4/7/2015,73,60,86,53,78,38,92,1974,1967,0.46,0.1,1.82
Jacksonville,4,4/8/2015,75,63,86,53,78,31,91,2007,1978,0,0.1,1.92
Jacksonville,4,4/9/2015,74,62,85,53,78,37,92,2000,2011,0,0.1,1.75
Jacksonville,4,4/10/2015,77,65,89,54,78,37,92,2000,2011,0,0.1,3.83
Jacksonville,4,4/11/2015,74,65,82,54,78,37,91,1996,2011,0,0.09,2.8
Jacksonville,4,4/12/2015,75,69,81,54,79,41,92,1989,1965,0.48,0.1,1.7
Jacksonville,4,4/13/2015,76,69,83,54,79,35,92,1940,2001,0.22,0.09,1.68
Jacksonville,4,4/14/2015,78,67,88,54,79,40,90,1907,1922,0,0.1,2.42
Jacksonville,4,4/15/2015,76,67,85,54,79,39,90,2004,1972,0.11,0.08,2.08
Jacksonville,4,4/16/2015,67,64,70,55,79,40,90,2008,1972,0,0.09,0.91
Jacksonville,4,4/17/2015,70,62,78,55,79,38,93,1950,1967,0,0.09,1
Jacksonville,4,4/18/2015,75,63,87,55,80,37,94,2001,1967,0.27,0.08,2.6
Jacksonville,4,4/19/2015,77,68,86,55,80,36,92,2001,1968,0,0.09,4.53
Jacksonville,4,4/20/2015,70,63,77,55,80,40,92,1983,1968,0.04,0.09,2.46
Jacksonville,4,4/21/2015,72,62,81,56,80,38,95,1983,1968,0,0.08,2.29
Jacksonville,4,4/22/2015,70,54,85,56,80,42,93,1950,1968,0,0.08,1.21
Jacksonville,4,4/23/2015,74,60,88,56,81,37,92,1993,1970,0,0.08,2.4
Jacksonville,4,4/24/2015,68,61,75,56,81,39,93,1986,1958,0,0.07,1.04
Jacksonville,4,4/25/2015,70,60,79,57,81,40,92,2005,1958,0.91,0.07,1.89
Jacksonville,4,4/26/2015,80,70,90,57,81,40,92,1974,2011,0,0.07,0.86
Jacksonville,4,4/27/2015,71,65,76,57,82,42,94,1977,1986,0,0.07,1.81
Jacksonville,4,4/28/2015,68,65,71,57,82,43,94,1977,1991,0.01,0.07,2.65
Jacksonville,4,4/29/2015,71,62,79,58,82,43,93,1973,1991,0,0.07,1.5
Jacksonville,4,4/30/2015,68,57,79,58,82,42,93,1874,1991,0,0.07,2.39
Jacksonville,5,5/1/2015,66,53,78,58,82,47,96,2000,1990,0,0.06,1.99
Jacksonville,5,5/2/2015,63,49,77,59,83,47,95,1941,1990,0,0.06,2.28
Jacksonville,5,5/3/2015,66,51,81,59,83,47,94,1981,2002,0,0.06,2.17
Jacksonville,5,5/4/2015,67,54,80,59,83,45,93,1971,2006,0,0.06,4.21
Jacksonville,5,5/5/2015,70,59,80,59,83,46,94,1976,1898,0,0.07,0.95
Jacksonville,5,5/6/2015,71,61,80,60,84,45,96,1973,2012,0,0.07,1.64
Jacksonville,5,5/7/2015,73,59,86,60,84,49,94,1992,1977,0,0.07,3.79
Jacksonville,5,5/8/2015,76,64,87,60,84,45,96,1992,1955,0,0.07,1.29
Jacksonville,5,5/9/2015,76,62,89,61,84,48,96,1928,1962,0,0.07,1.24
Jacksonville,5,5/10/2015,78,63,92,61,84,49,93,1984,1899,0,0.07,1.18
Jacksonville,5,5/11/2015,80,67,92,61,85,47,95,1986,1973,0,0.07,2.42
Jacksonville,5,5/12/2015,80,67,92,62,85,47,97,1981,1967,0,0.07,1.9
Jacksonville,5,5/13/2015,80,67,92,62,85,47,100,1941,1967,0,0.06,8.18
Jacksonville,5,5/14/2015,76,67,85,62,85,47,99,2013,1967,0,0.07,2.02
Jacksonville,5,5/15/2015,76,70,81,62,85,52,97,2002,1967,0,0.07,2.18
Jacksonville,5,5/16/2015,71,60,82,63,86,52,96,1951,1995,0,0.06,0.63
Jacksonville,5,5/17/2015,75,63,86,63,86,46,96,1973,1995,0,0.07,1.36
Jacksonville,5,5/18/2015,76,65,87,63,86,46,96,2011,1899,0,0.07,4.94
Jacksonville,5,5/19/2015,81,69,93,64,86,51,97,1977,1960,0.14,0.07,2.14
Jacksonville,5,5/20/2015,80,67,92,64,86,46,99,1894,1962,0,0.07,5.07
Jacksonville,5,5/21/2015,82,69,94,64,87,50,99,2002,1938,0,0.09,2.61
Jacksonville,5,5/22/2015,75,64,86,65,87,47,99,1981,1938,0,0.09,7.59
Jacksonville,5,5/23/2015,73,63,83,65,87,48,97,1993,1953,0,0.09,2.87
Jacksonville,5,5/24/2015,77,70,84,65,87,52,98,2001,1953,0,0.1,4.09
Jacksonville,5,5/25/2015,79,70,87,66,87,55,99,1892,1953,0,0.1,2.74
Jacksonville,5,5/26/2015,80,71,88,66,87,47,99,1979,1953,0,0.1,2.4
Jacksonville,5,5/27/2015,78,69,86,66,88,49,98,1979,1962,0,0.11,5.4
Jacksonville,5,5/28/2015,73,62,84,66,88,52,99,1988,1967,0,0.1,4.47
Jacksonville,5,5/29/2015,74,62,85,67,88,53,97,1988,1967,0,0.11,2.83
Jacksonville,5,5/30/2015,73,65,81,67,88,51,97,1971,1945,0.94,0.12,1.82
Jacksonville,5,5/31/2015,77,67,86,67,88,50,98,1984,1945,0,0.13,3.38
Jacksonville,6,6/1/2015,78,66,89,67,88,47,99,1984,1945,0.72,0.16,2.8
Jacksonville,6,6/2/2015,75,64,85,68,88,53,100,1984,1985,0.03,0.17,3.13
Jacksonville,6,6/3/2015,78,68,88,68,89,57,100,1966,1985,0.24,0.17,5.31
Jacksonville,6,6/4/2015,77,67,86,68,89,61,100,1966,1985,0,0.17,5.85
Jacksonville,6,6/5/2015,77,67,86,68,89,59,100,1972,1943,0.02,0.17,3.31
Jacksonville,6,6/6/2015,78,66,89,69,89,60,99,1971,1985,0,0.18,5.92
Jacksonville,6,6/7/2015,77,66,87,69,89,59,100,2006,1993,0,0.19,4.72
Jacksonville,6,6/8/2015,79,68,89,69,89,58,99,1998,1993,0,0.19,3.42
Jacksonville,6,6/9/2015,82,73,91,69,89,58,101,1987,1872,0,0.2,2.36
Jacksonville,6,6/10/2015,78,70,86,69,89,58,100,1913,1954,0.92,0.2,5.11
Jacksonville,6,6/11/2015,78,67,89,70,90,57,99,1960,2010,0,0.21,3.44
Jacksonville,6,6/12/2015,80,68,92,70,90,54,99,1913,1998,0,0.22,3.38
Jacksonville,6,6/13/2015,82,71,93,70,90,57,100,1979,1977,0,0.23,6.07
Jacksonville,6,6/14/2015,81,68,94,70,90,57,101,1972,1998,0,0.23,4.15
Jacksonville,6,6/15/2015,81,68,94,70,90,57,102,1995,1981,0,0.23,3.6
Jacksonville,6,6/16/2015,83,69,96,70,90,62,102,2002,1981,0,0.24,2.45
Jacksonville,6,6/17/2015,85,72,97,70,90,61,100,1961,1944,0,0.24,2.49
Jacksonville,6,6/18/2015,85,72,97,71,90,59,100,2012,1950,0,0.24,2.78
Jacksonville,6,6/19/2015,86,73,98,71,90,60,103,1899,1998,0.71,0.24,4.37
Jacksonville,6,6/20/2015,86,74,97,71,90,60,100,1899,1990,0,0.23,2.15
Jacksonville,6,6/21/2015,86,76,96,71,91,60,99,1965,1950,0.06,0.23,2.85
Jacksonville,6,6/22/2015,84,70,97,71,91,62,99,1965,1970,1.7,0.24,2.11
Jacksonville,6,6/23/2015,81,71,91,71,91,63,99,1879,1981,0.25,0.23,2.27
Jacksonville,6,6/24/2015,85,74,95,71,91,63,101,2003,1914,0,0.23,4.6
Jacksonville,6,6/25/2015,81,73,89,71,91,64,99,1889,1950,1.16,0.23,7.36
Jacksonville,6,6/26/2015,82,73,90,72,91,63,101,1966,1952,0.02,0.23,5.2
Jacksonville,6,6/27/2015,84,75,92,72,91,65,102,1936,1950,0,0.24,1.39
Jacksonville,6,6/28/2015,82,73,91,72,91,63,101,2012,1954,0.23,0.23,1.37
Jacksonville,6,6/29/2015,79,71,86,72,91,63,100,1981,1998,0.23,0.24,5.9
Jacksonville,6,6/30/2015,79,69,89,72,91,66,100,1974,1990,0.03,0.24,5.91
Indianapolis,1,1/1/2015,26,18,34,21,36,-12,69,1968,1876,0,0.1,3.81
Indianapolis,1,1/2/2015,32,25,39,21,36,-12,65,1887,2006,0,0.1,1.58
Indianapolis,1,1/3/2015,43,33,52,21,36,-22,65,1879,1950,0.79,0.1,2.82
Indianapolis,1,1/4/2015,28,12,44,21,36,-15,66,1879,1998,0.01,0.1,2.44
Indianapolis,1,1/5/2015,9,4,14,21,35,-25,61,1884,1955,0.11,0.1,2.7
Indianapolis,1,1/6/2015,14,9,19,21,35,-20,63,1884,2008,0.08,0.09,1.48
Indianapolis,1,1/7/2015,3,-6,12,21,35,-17,68,1970,2008,0,0.09,1.58
Indianapolis,1,1/8/2015,7,-7,20,21,35,-13,63,1970,1965,0,0.1,1.41
Indianapolis,1,1/9/2015,11,1,21,21,35,-18,66,1875,1880,0,0.09,1.15
Indianapolis,1,1/10/2015,11,-3,24,20,35,-16,62,1982,1975,0,0.09,1.29
Indianapolis,1,1/11/2015,28,21,34,20,35,-16,70,1977,1890,0.43,0.08,1.16
Indianapolis,1,1/12/2015,25,19,31,20,35,-19,69,1918,1890,0.19,0.09,1.28
Indianapolis,1,1/13/2015,16,8,23,20,35,-10,64,1997,1950,0,0.09,1.47
Indianapolis,1,1/14/2015,13,5,21,20,35,-7,65,1957,1928,0,0.08,1.77
Indianapolis,1,1/15/2015,25,13,36,20,35,-17,66,1972,1932,0,0.08,1.68
Indianapolis,1,1/16/2015,32,21,42,20,35,-20,66,1972,1990,0,0.08,1.42
Indianapolis,1,1/17/2015,39,27,51,20,35,-20,67,1977,1952,0,0.09,1.11
Indianapolis,1,1/18/2015,36,28,44,20,35,-22,64,1994,1929,0.01,0.08,1.96
Indianapolis,1,1/19/2015,35,23,47,20,35,-27,69,1994,1907,0,0.08,0.94
Indianapolis,1,1/20/2015,40,30,50,20,36,-22,70,1985,1906,0,0.08,1.26
Indianapolis,1,1/21/2015,37,30,43,20,36,-21,68,1984,1906,0,0.08,2.25
Indianapolis,1,1/22/2015,31,28,33,20,36,-17,64,1936,1964,0,0.07,1.87
Indianapolis,1,1/23/2015,29,24,34,20,36,-18,67,1936,1909,0,0.08,0.9
Indianapolis,1,1/24/2015,30,20,39,20,36,-16,70,1963,1967,0,0.08,1.06
Indianapolis,1,1/25/2015,29,20,37,20,36,-14,71,1897,1950,0.04,0.08,0.92
Indianapolis,1,1/26/2015,22,17,26,20,36,-12,67,1897,1944,0,0.08,1.41
Indianapolis,1,1/27/2015,25,20,29,21,36,-10,66,1936,1916,0.01,0.08,1.14
Indianapolis,1,1/28/2015,25,15,34,21,36,-18,65,1963,2002,0,0.08,2
Indianapolis,1,1/29/2015,38,30,45,21,36,-13,66,1873,2002,0,0.08,1.5
Indianapolis,1,1/30/2015,26,20,31,21,36,-11,65,1966,2013,0.01,0.08,1.47
Indianapolis,1,1/31/2015,26,16,36,21,37,-11,66,2004,1917,0.13,0.08,1.26
Indianapolis,2,2/1/2015,30,27,33,21,37,-11,63,1951,1911,0.29,0.08,1.21
Indianapolis,2,2/2/2015,20,13,27,21,37,-19,59,1951,1911,0.01,0.09,1.24
Indianapolis,2,2/3/2015,26,16,36,21,37,-11,62,1996,1992,0,0.08,2.5
Indianapolis,2,2/4/2015,29,15,42,21,37,-12,69,1996,1890,0.07,0.08,1.68
Indianapolis,2,2/5/2015,15,5,24,22,37,-16,66,1979,1927,0,0.09,1.83
Indianapolis,2,2/6/2015,25,12,37,22,38,-12,64,1977,1925,0,0.07,1.14
Indianapolis,2,2/7/2015,42,28,55,22,38,-11,66,1977,1925,0,0.08,1.53
Indianapolis,2,2/8/2015,47,36,57,22,38,-14,68,1895,1937,0,0.08,0.78
Indianapolis,2,2/9/2015,31,26,36,22,38,-18,66,1899,1943,0,0.08,2.04
Indianapolis,2,2/10/2015,27,18,36,23,39,-21,73,1982,1932,0,0.09,1.56
Indianapolis,2,2/11/2015,32,25,39,23,39,-9,75,1885,1999,0,0.08,1.87
Indianapolis,2,2/12/2015,20,13,27,23,39,-10,66,1899,1984,0,0.08,2.67
Indianapolis,2,2/13/2015,20,9,31,23,39,-17,67,1899,1938,0,0.08,1.48
Indianapolis,2,2/14/2015,18,6,30,24,40,-14,65,1905,1954,0,0.09,1.37
Indianapolis,2,2/15/2015,12,4,20,24,40,-8,72,1875,1954,0,0.08,1.5
Indianapolis,2,2/16/2015,11,6,16,24,40,-7,72,1943,1883,0.14,0.08,1.58
Indianapolis,2,2/17/2015,14,1,26,24,41,-9,69,1903,1911,0.01,0.08,0.91
Indianapolis,2,2/18/2015,9,0,17,25,41,-11,66,1936,1961,0.07,0.08,1.58
Indianapolis,2,2/19/2015,2,-5,9,25,41,-8,69,1979,1930,0,0.08,1.21
Indianapolis,2,2/20/2015,6,-6,18,25,42,-8,67,1885,1983,0,0.08,3.02
Indianapolis,2,2/21/2015,26,16,35,26,42,-4,68,1963,1930,0.47,0.08,1.53
Indianapolis,2,2/22/2015,22,15,29,26,43,-9,70,1963,1922,0,0.08,2.09
Indianapolis,2,2/23/2015,11,3,19,26,43,-1,71,1889,2000,0.01,0.09,1.1
Indianapolis,2,2/24/2015,10,-6,25,26,43,-6,71,2015,2000,0,0.08,1.05
Indianapolis,2,2/25/2015,24,14,33,27,44,-7,76,1900,2000,0,0.09,2.35
Indianapolis,2,2/26/2015,16,7,25,27,44,-6,68,1963,1998,0.04,0.09,2.49
Indianapolis,2,2/27/2015,10,2,18,27,45,-7,73,1963,1996,0,0.09,1.11
Indianapolis,2,2/28/2015,16,7,25,28,45,2,68,1993,1895,0.23,0.09,1.17
Indianapolis,3,3/1/2015,27,22,31,28,45,-4,71,1960,1976,0.53,0.1,1.9
Indianapolis,3,3/2/2015,24,14,34,28,46,-7,74,1980,1992,0,0.09,1.56
Indianapolis,3,3/3/2015,33,26,40,29,46,-5,77,1943,1992,0.28,0.09,2.01
Indianapolis,3,3/4/2015,27,19,35,29,47,2,78,1873,1983,0.07,0.1,3
Indianapolis,3,3/5/2015,16,8,23,29,47,-1,75,1978,1956,0,0.1,3.06
Indianapolis,3,3/6/2015,16,2,30,30,47,-6,75,1960,1973,0,0.11,1.21
Indianapolis,3,3/7/2015,32,21,42,30,48,-1,78,1943,1974,0,0.11,1.45
Indianapolis,3,3/8/2015,38,27,49,30,48,-6,80,1943,1974,0,0.1,2.28
Indianapolis,3,3/9/2015,40,31,48,31,49,-1,72,1984,1878,0,0.11,1.61
Indianapolis,3,3/10/2015,45,40,49,31,49,8,74,1934,2009,0.4,0.11,2.54
Indianapolis,3,3/11/2015,49,34,64,31,50,3,77,1948,1990,0,0.1,2.01
Indianapolis,3,3/12/2015,46,31,60,32,50,-5,76,1948,1990,0,0.11,1.97
Indianapolis,3,3/13/2015,48,42,53,32,51,3,80,1960,2007,0.51,0.11,1.51
Indianapolis,3,3/14/2015,51,43,59,32,51,10,81,1891,2012,0.43,0.11,3.02
Indianapolis,3,3/15/2015,49,33,65,33,51,6,80,1975,2012,0,0.12,3.06
Indianapolis,3,3/16/2015,61,47,74,33,52,3,79,1900,1945,0,0.11,1.36
Indianapolis,3,3/17/2015,47,33,60,33,52,2,77,1900,2012,0,0.12,1.35
Indianapolis,3,3/18/2015,37,27,46,34,53,7,80,1941,2012,0,0.13,2.03
Indianapolis,3,3/19/2015,45,40,50,34,53,7,82,1923,2012,0.02,0.12,1.9
Indianapolis,3,3/20/2015,44,39,48,34,54,3,83,1885,2012,0.03,0.12,2.13
Indianapolis,3,3/21/2015,49,34,63,34,54,11,84,1876,2012,0,0.12,1.06
Indianapolis,3,3/22/2015,44,36,52,35,54,9,82,1888,1907,0,0.13,2.36
Indianapolis,3,3/23/2015,36,30,41,35,55,12,80,1885,1939,0.03,0.12,1.48
Indianapolis,3,3/24/2015,35,26,44,35,55,2,84,1974,1910,0.04,0.13,2.76
Indianapolis,3,3/25/2015,48,42,54,36,56,5,81,1974,2007,0.63,0.13,4.7
Indianapolis,3,3/26/2015,40,34,45,36,56,8,80,1955,1907,0.5,0.12,1.98
Indianapolis,3,3/27/2015,28,21,35,36,56,11,84,1955,1910,0,0.13,2.27
Indianapolis,3,3/28/2015,29,17,40,37,57,16,82,1934,1910,0,0.12,1.75
Indianapolis,3,3/29/2015,38,24,51,37,57,16,82,1887,1895,0.06,0.13,1.46
Indianapolis,3,3/30/2015,49,36,61,37,58,17,82,1923,1986,0,0.13,1.56
Indianapolis,3,3/31/2015,54,44,63,38,58,13,85,1923,1981,0,0.13,1.56
Indianapolis,4,4/1/2015,53,37,69,38,58,20,82,1923,2010,0,0.13,2.85
Indianapolis,4,4/2/2015,62,52,72,38,59,20,81,1961,2010,0.29,0.12,2.08
Indianapolis,4,4/3/2015,50,39,61,39,59,21,84,1879,2012,0.11,0.11,1.92
Indianapolis,4,4/4/2015,43,30,55,39,59,23,80,1975,1929,0,0.12,1.48
Indianapolis,4,4/5/2015,49,34,64,39,60,20,84,1995,1988,0,0.12,1.87
Indianapolis,4,4/6/2015,55,47,62,40,60,22,83,1979,2010,0,0.12,1.9
Indianapolis,4,4/7/2015,61,56,66,40,61,19,83,1982,2001,0.32,0.12,2.08
Indianapolis,4,4/8/2015,64,55,72,40,61,18,83,1972,2001,0.74,0.13,2.15
Indianapolis,4,4/9/2015,71,61,80,41,61,18,84,1997,2001,0.24,0.13,1.26
Indianapolis,4,4/10/2015,56,42,69,41,62,23,84,1989,1930,0.04,0.13,1.97
Indianapolis,4,4/11/2015,50,38,62,41,62,24,89,1973,1930,0,0.12,1.72
Indianapolis,4,4/12/2015,57,43,70,42,62,20,86,1940,1930,0,0.12,0.8
Indianapolis,4,4/13/2015,64,56,71,42,63,18,86,1950,1941,0.04,0.12,1.13
Indianapolis,4,4/14/2015,58,51,64,42,63,24,85,1943,1883,0,0.13,1.55
Indianapolis,4,4/15/2015,58,46,69,43,63,24,84,1928,2002,0.07,0.12,1.42
Indianapolis,4,4/16/2015,61,53,68,43,64,21,87,1875,1896,0.2,0.12,2.08
Indianapolis,4,4/17/2015,61,46,76,43,64,19,87,1875,1896,0,0.13,1.9
Indianapolis,4,4/18/2015,64,51,76,44,64,19,87,1875,1977,0,0.13,2.29
Indianapolis,4,4/19/2015,62,56,67,44,65,23,85,1983,2002,0.93,0.13,3.06
Indianapolis,4,4/20/2015,52,45,58,44,65,23,85,1897,1915,0.3,0.12,2.66
Indianapolis,4,4/21/2015,52,41,62,45,65,28,84,1907,1985,0,0.13,1.85
Indianapolis,4,4/22/2015,44,37,50,45,66,27,85,1936,1960,0.1,0.13,2.34
Indianapolis,4,4/23/2015,45,32,57,45,66,26,88,1986,1925,0,0.13,1.46
Indianapolis,4,4/24/2015,47,32,62,46,66,28,90,1910,1925,0,0.13,1.65
Indianapolis,4,4/25/2015,50,44,56,46,67,27,87,1919,1915,0.62,0.14,2.56
Indianapolis,4,4/26/2015,49,39,58,46,67,31,87,1976,1915,0,0.13,1.48
Indianapolis,4,4/27/2015,47,35,58,47,67,30,84,1976,1962,0,0.13,1.56
Indianapolis,4,4/28/2015,51,39,63,47,68,28,86,1976,1894,0,0.14,1.71
Indianapolis,4,4/29/2015,54,41,67,47,68,31,86,1976,1942,0,0.14,1.71
Indianapolis,4,4/30/2015,53,44,61,48,68,31,90,1948,1942,0,0.14,1.66
Indianapolis,5,5/1/2015,55,39,71,48,68,29,89,1963,1942,0,0.16,1.76
Indianapolis,5,5/2/2015,62,49,75,48,69,31,87,1961,1959,0,0.15,2.93
Indianapolis,5,5/3/2015,66,53,78,49,69,29,86,2005,1949,0,0.16,1.56
Indianapolis,5,5/4/2015,67,58,76,49,69,30,88,1976,1949,0.13,0.16,1.47
Indianapolis,5,5/5/2015,73,62,83,49,70,35,92,1957,1952,0,0.16,1.79
Indianapolis,5,5/6/2015,74,61,86,49,70,31,89,1968,1949,0,0.16,2.56
Indianapolis,5,5/7/2015,75,64,86,50,70,31,87,1974,1926,0,0.16,2.1
Indianapolis,5,5/8/2015,74,63,85,50,70,31,90,1976,1896,0,0.16,2.34
Indianapolis,5,5/9/2015,73,66,80,50,71,29,93,1947,1895,0.05,0.16,1.08
Indianapolis,5,5/10/2015,74,64,83,51,71,28,92,1966,1896,0.05,0.16,1.92
Indianapolis,5,5/11/2015,70,61,78,51,71,31,89,1945,1896,0.06,0.17,1.95
Indianapolis,5,5/12/2015,57,50,64,51,72,33,88,1976,1881,0,0.17,2.15
Indianapolis,5,5/13/2015,55,43,67,52,72,35,88,1878,1956,0,0.18,1.96
Indianapolis,5,5/14/2015,60,49,70,52,72,33,88,1895,1881,0,0.17,1.84
Indianapolis,5,5/15/2015,71,60,82,52,72,35,88,1973,2001,0.12,0.16,1.97
Indianapolis,5,5/16/2015,68,64,71,53,73,32,90,1997,1900,0.53,0.17,1.6
Indianapolis,5,5/17/2015,72,64,79,53,73,36,90,1973,1962,0,0.17,2.3
Indianapolis,5,5/18/2015,71,62,79,53,73,35,90,1973,1962,0,0.17,2.36
Indianapolis,5,5/19/2015,57,48,65,54,74,32,90,2002,1977,0,0.17,1.36
Indianapolis,5,5/20/2015,48,43,52,54,74,38,90,1894,1977,0,0.16,1.68
Indianapolis,5,5/21/2015,56,47,64,54,74,36,92,2002,1941,0,0.18,2.69
Indianapolis,5,5/22/2015,60,44,76,55,75,35,93,1883,1941,0,0.16,2.16
Indianapolis,5,5/23/2015,67,55,79,55,75,37,92,1963,1939,0,0.16,3.13
Indianapolis,5,5/24/2015,72,59,85,55,75,37,90,1925,1965,0,0.17,1.55
Indianapolis,5,5/25/2015,73,67,79,56,76,34,93,1925,1965,0.01,0.16,1.35
Indianapolis,5,5/26/2015,72,64,80,56,76,35,94,1961,1911,0.07,0.16,2.33
Indianapolis,5,5/27/2015,73,63,82,56,76,31,94,1961,1911,0.07,0.15,1.62
Indianapolis,5,5/28/2015,72,60,84,57,76,39,96,1907,1911,0,0.16,1.5
Indianapolis,5,5/29/2015,75,65,84,57,77,36,93,1965,1895,0,0.16,2.19
Indianapolis,5,5/30/2015,75,66,84,57,77,37,94,1947,1895,1.28,0.15,3.8
Indianapolis,5,5/31/2015,61,55,67,58,77,36,96,1889,1895,0.08,0.16,2.61
Indianapolis,6,6/1/2015,58,52,64,58,78,39,96,2003,1934,0,0.14,1.95
Indianapolis,6,6/2/2015,60,49,70,58,78,39,100,1956,1934,0,0.15,3
Indianapolis,6,6/3/2015,61,51,71,59,78,40,100,1929,1895,0,0.14,2.89
Indianapolis,6,6/4/2015,70,57,82,59,79,43,95,1946,2011,0,0.14,2.87
Indianapolis,6,6/5/2015,75,63,87,59,79,40,98,1945,1925,0,0.15,1.51
Indianapolis,6,6/6/2015,69,61,76,60,79,39,96,1894,1933,0,0.15,2.62
Indianapolis,6,6/7/2015,75,62,88,60,80,41,98,1894,1933,0,0.14,3.8
Indianapolis,6,6/8/2015,70,60,79,60,80,44,95,1913,1933,1.9,0.15,2.14
Indianapolis,6,6/9/2015,70,58,82,60,80,41,94,1885,1914,0,0.14,2.11
Indianapolis,6,6/10/2015,78,65,90,61,81,44,96,1988,1933,0,0.14,2.21
Indianapolis,6,6/11/2015,80,69,90,61,81,41,96,1980,1933,0,0.14,2.9
Indianapolis,6,6/12/2015,81,72,89,61,81,42,96,1903,1894,0.21,0.13,3.04
Indianapolis,6,6/13/2015,80,71,88,62,82,45,95,1903,1894,0,0.14,2.2
Indianapolis,6,6/14/2015,78,70,86,62,82,45,94,1955,1954,0.13,0.14,2.12
Indianapolis,6,6/15/2015,79,70,88,62,82,45,94,1917,1952,0.54,0.13,1.82
Indianapolis,6,6/16/2015,78,71,84,63,82,41,96,1917,1913,0.5,0.13,1.98
Indianapolis,6,6/17/2015,76,72,79,63,83,46,95,1980,1913,0.75,0.14,1.73
Indianapolis,6,6/18/2015,77,68,86,63,83,45,96,1960,1962,0.67,0.14,2.05
Indianapolis,6,6/19/2015,73,68,78,63,83,48,97,1980,1953,0.67,0.14,1.75
Indianapolis,6,6/20/2015,75,70,79,64,83,44,100,1980,1953,0,0.14,2.03
Indianapolis,6,6/21/2015,75,65,84,64,84,41,98,1992,1988,0.27,0.14,1.95
Indianapolis,6,6/22/2015,78,69,86,64,84,37,99,1992,1988,0,0.15,1.92
Indianapolis,6,6/23/2015,76,68,83,64,84,44,96,1918,1930,0,0.14,2.81
Indianapolis,6,6/24/2015,71,62,80,64,84,49,98,1887,1933,0,0.15,0.92
Indianapolis,6,6/25/2015,75,66,83,65,84,46,102,1972,1988,0.85,0.15,3.73
Indianapolis,6,6/26/2015,71,66,76,65,85,49,102,1979,1954,1.57,0.14,3.09
Indianapolis,6,6/27/2015,66,60,72,65,85,48,100,1926,1934,0,0.14,2.79
Indianapolis,6,6/28/2015,67,55,78,65,85,50,104,1950,2012,0.09,0.15,1.65
Indianapolis,6,6/29/2015,70,63,77,65,85,48,103,1923,2012,0.21,0.14,1.63
Indianapolis,6,6/30/2015,73,64,82,65,85,46,97,1943,1933,0,0.14,1.5
